LS_Pred,Crash cause
2.177975359540333,2
2.126380753757719,4
1.4223273368829819,4
2.3837094899788087,4
2.118666104702493,2
2.0086245922016324,4
1.5347462174038298,4
1.883656610446571,4
1.5771287000951233,2
2.0240612141570176,4
2.4493073664113796,4
1.8781091396584557,4
2.524040336712857,4
1.9989288771077476,4
2.3887111181765968,4
1.6103399254750062,5
2.2725799682628134,4
1.6774796751846768,4
1.8173773607289943,2
1.5335471361846935,5
1.6806733281176027,4
2.437099412717276,4
2.5963564393702283,2
1.6436844866500255,4
2.0038341494176395,4
1.9715458903534095,2
2.587618762691065,4
2.104617835709589,4
1.6041455763600059,4
2.1615206726291802,4
1.8313548647961464,4
2.1285314797357975,4
1.5641249365748249,2
1.9655840297426102,4
2.243869936613449,4
1.6917614260670262,2
2.1291633812804456,2
2.135856393794781,2
1.7176729711772518,4
2.005258735479777,4
1.5692373495955962,2
1.6240350835272783,2
1.921236534651217,2
2.356209331878655,4
2.106694907316114,4
2.2405080854991093,4
1.9816977384267906,4
1.5135375123400365,2
1.7572184589665152,4
1.5765091164933402,2
2.0880797107368823,2
2.162154261351377,0
2.5707226647514556,4
2.0186742946955385,2
2.3125228292183517,4
1.8903918837277893,2
2.1874593911063474,2
1.9819311174199574,2
2.3588627293492483,4
2.1815138044789575,4
2.0273372470923303,2
1.8083105993788315,4
1.985679886959544,4
2.3359844680392294,4
1.7661860976566681,4
1.6914637174018399,4
2.1333734551520354,4
2.0548298400113127,2
2.043884321454545,1
1.9317057454591893,1
1.8671765669696223,4
0.9364662360094906,4
1.8812459408777649,2
1.7739876816467757,4
2.0280706161521946,4
2.230899344375985,4
1.3299617032956588,4
1.9958590611056741,4
2.0576924388314675,4
1.5672967423876951,4
1.4011657352223015,4
2.026946001871034,2
2.551257276414432,4
2.3558317386593526,0
2.519369533385812,4
2.0273372470923303,2
2.4590454977111644,4
2.1844705287989465,2
2.6284879874045495,2
2.413318048060324,0
2.005258735479777,2
2.4837676624422693,5
2.4163821682526914,0
1.7936773312081402,2
2.2370551711423587,4
1.9803264038028798,4
2.171890642206727,4
1.718284112060472,4
2.2785189113087476,5
1.374358752373235,4
2.0939514104452623,4
1.5927563401795326,1
1.8172062552121164,4
2.1973915631625607,5
1.9658505010506335,4
2.513503100479917,2
1.610733005953669,4
1.978193691577373,4
2.1997636121230975,4
1.8880001599439855,2
2.171479911230162,4
2.034602087270724,2
2.1076461251862386,2
1.5530219466235293,2
1.8146913670670917,0
2.2203129451679775,4
2.27430152850612,5
1.6147877290478059,4
2.534585675524468,4
1.6176691522841558,4
2.0624167596804153,4
1.7193435978463665,2
1.4424788831859454,0
1.8220011381317995,4
2.1588551493359436,4
1.6929699578087285,2
1.875709859800649,4
1.8672510298538283,4
2.5963564393702283,0
2.0568642053723805,4
1.5728331473865553,4
1.593819738856174,4
1.9606710285577393,0
1.9010218912573928,0
2.1096390941136622,0
2.5614126765769405,4
1.6517117532058916,4
1.9968548501980168,4
2.163687177302565,4
1.9140199834791518,0
2.65628763455431,0
1.6382033150734503,4
1.8477344234459299,4
1.8137367305815033,4
2.1513133028362668,2
2.1799252606065305,4
1.5561830987825565,2
1.9293762618517265,2
2.120261132802111,4
2.0014168662512506,2
1.654405628486181,0
2.188793533381376,4
2.1703593738143425,0
1.889214846017678,4
1.69445419947903,4
2.381990231974275,0
2.027598419997016,2
1.6856256312528493,2
2.1437623465587023,4
1.5383774560212338,0
1.7606995139692265,2
1.2734138581061194,5
2.303510142931634,1
1.9293487781131609,4
1.9065110548657291,4
1.6842298806035692,5
2.0353069896231863,2
2.0861233529410756,4
2.1464931904943807,4
1.9083847880074631,2
1.9026566784113614,2
2.000814542373151,4
1.9907434413658152,4
1.6660662701217988,4
1.896676135872436,2
1.5303667959493126,2
2.5281180998405888,4
1.613666482193126,2
2.121950904541964,2
2.06159649038762,2
2.1026241240602905,2
1.8992134828444376,1
1.8552407839901093,4
1.9140199834791518,4
2.3621735404344846,4
1.7119509263488895,4
1.4149568286901981,4
2.539863124548719,0
1.875618995525588,2
2.1339853162089106,4
2.1980351626119075,4
1.9602343185078541,4
2.048947060182021,2
2.10655213561584,0
2.41252739882426,4
2.1000659924709795,4
1.5551699520797624,2
1.8968822220545742,4
1.530406489773829,2
1.422608436578559,2
2.0159436133919733,4
2.0363223337380942,2
2.0086245922016324,0
1.675534735724954,4
1.9307622094535328,2
2.310695600756324,4
2.2371252480775468,4
2.274834325280421,4
1.8173554594329133,4
2.0127263463849756,2
1.5307649480311083,2
2.113512560308286,2
1.6836301993686131,4
1.971248047191092,0
0.9321656417926505,4
2.3668304068849455,4
2.6035471667581938,2
1.7662676942291595,4
1.5809599459883263,4
2.436598426692567,2
1.7223176418897248,4
2.3600325313215134,1
2.281660841743587,2
1.9080750256511299,2
2.03926972206281,2
2.171768414030083,4
2.172574715390079,4
2.0498800672299904,4
2.238292183696868,5
0.826765670300853,4
2.0273372470923303,2
1.6635069431389433,2
2.4527836314917355,5
1.5526160592170146,4
1.935463032064988,4
1.6299889755501278,2
1.8634965889229398,2
2.187993064394573,4
1.9986091950801648,4
2.1538263772210953,2
1.593947215401002,2
1.4864862539508898,4
2.4165921563099952,4
1.5723086524384335,5
1.6889166998156266,4
1.8866721237764579,4
2.580372556771592,5
1.6314490960072296,4
2.4587459957212574,2
1.8477344234459299,0
2.566952217026416,4
1.6982179364680605,5
2.0274308401440266,4
1.6469341225529446,4
2.110944020585456,2
2.311545486179956,4
2.0444251845211543,5
2.030358189867461,5
2.2335147743225914,4
1.7149885485648855,4
1.6989787152648086,4
2.444952263724135,4
1.2413913573800004,0
2.410435742018206,4
2.4742703704300157,4
1.939089313167915,4
1.5329870246064292,4
2.147164928109057,0
2.2176425419312262,4
1.691211399272128,4
1.8259082462088174,4
2.2110998996195774,0
1.7195590423570195,4
1.7830882494743927,5
1.765478531504199,2
2.227432266699013,0
2.290113742788607,2
2.4791066660014907,2
2.3589485571637754,2
2.0855411853979753,2
2.0274594752689743,0
1.7650680589776129,2
2.005014279126489,4
1.6828167704354247,4
1.7784607328285342,4
2.0034235023859956,4
1.9190188779615887,4
1.9858889452005695,2
2.6268968572924303,2
2.549795873341018,4
1.5995799537119582,4
2.0208157864746994,0
2.197376425107,4
2.1088055823025185,4
2.49867222076489,4
1.874038661560415,4
2.001543895101352,4
1.534087290610286,4
1.9682550045016063,1
1.719484827985213,4
2.1317474679489683,4
1.7045651115388172,2
2.146409588964644,4
2.368258800142533,4
1.754531421549521,2
2.55805032079283,2
2.1895698949419966,4
1.8968822220545742,4
2.0001939179807704,0
2.005014279126489,0
1.957989424677987,4
2.4096041347756145,2
1.8942339598487956,2
2.2071854787345013,4
2.005014279126489,4
1.5285289427988342,5
2.2569097622806926,2
2.5207301591124986,2
1.929536263319392,4
2.017462990115504,2
2.3756263946315546,4
1.624314848845341,0
1.7900084841805475,4
1.9734195962614145,1
2.3799638674224757,4
1.6176540144924472,0
1.558017352855317,4
1.8924447922373429,0
1.5019410677388452,4
1.6147682177303224,4
1.8438453051549546,4
1.785572947916287,2
1.936342951444993,4
2.162236856566215,0
1.8888026628421515,4
1.4745619561705818,2
1.93554715125367,2
2.067857970826081,4
1.4708735263038286,2
0.789736283939821,4
2.388344183527932,2
2.0569622049690137,4
2.0332929399620294,2
2.290127381370843,4
2.0555021299543177,4
1.8242343753691483,5
1.816323833294782,2
1.6338531406714392,2
1.7646402603593587,2
2.29855869235443,2
1.6690661005629712,2
1.9681632995195273,2
2.5491337323495187,2
1.6640429794145963,0
2.030550714333244,1
1.5945671163142991,2
1.8019069394510223,4
0.563720162713617,0
1.8325273426456943,2
1.237198849296743,4
1.7720811464935946,4
1.780785236620846,4
0.9562581753205608,4
2.327622239451128,2
2.515024604123012,4
1.561522459182838,4
1.4666423826050643,4
2.2196049301663243,4
2.5648019115475633,4
2.573561847618171,2
1.695621103140884,4
2.3171229631078503,2
2.459404936576945,4
1.5712578867617912,4
1.5689340037672617,2
2.1423724915877305,4
2.590673348729299,2
1.9509805265967242,5
1.820258617715077,2
1.751601723325145,2
2.1385655078383383,0
1.801595338009176,4
1.8634201350891444,2
1.438862385207087,4
2.034750525077617,0
2.5204086479150614,4
2.459649392930233,4
2.017943402545608,2
2.1121262467129402,4
1.710379224268654,4
1.9040731651726757,4
1.4554361659059634,2
2.5963564393702283,4
1.8024921235559357,4
1.6002433627731363,4
1.8144203656398195,2
2.3148625038215345,4
2.5108904623505817,4
1.306959937446299,1
1.6041455763600059,5
2.1356172400239304,4
2.005014279126489,0
1.5374166837031376,4
1.9847516219278272,2
1.4510888791610101,4
2.036170154774075,2
2.230899344375985,4
1.9702549485878476,2
1.5838123053457132,4
1.5739501662281727,2
2.0280706161521946,4
1.4425619480884446,4
1.6817475765838514,2
1.6041455763600059,5
2.267457764930538,2
2.2725799682628134,4
1.7554134097741243,4
1.8095145311404752,4
1.9652223337890296,4
2.2890325686922837,2
1.7926178563995991,1
1.7945569494947795,0
1.5774887900552859,4
2.0859501086912093,4
2.0290122385260183,0
2.1854244223201027,5
1.5851873170350665,4
1.559021626231608,2
1.8807255217163545,2
1.6851962051546532,2
2.0245510132662226,4
2.150827708901099,2
2.583566968672121,4
1.662873237188812,2
1.9866917491921017,2
2.0273372470923303,4
2.0334508951496226,4
2.2059720579696966,4
2.216740362702241,5
1.9104552121994005,0
1.9415853014491726,4
1.930759775148759,4
1.6851962051546532,2
2.1725438754392847,0
2.2267777425953525,2
1.8880001599439855,5
2.237930647906042,5
2.174634416083624,4
2.5366057479417172,0
2.1672654173286974,4
0.5204197477579955,5
1.7943822684556099,2
2.510121706953651,2
1.5759560554725907,2
2.0504816379259196,4
2.4193089255013485,2
2.545846228497783,5
2.7005326846450037,4
1.6889166998156266,4
1.8905134651878222,4
1.4977867060079144,0
1.6353008694591196,4
2.0278261597989062,2
1.93554715125367,4
2.4683062736350747,4
2.152869983669568,2
2.409161542102405,4
1.7565240322317857,4
1.5622707015188406,5
2.7218547032467577,4
2.0190713917753773,4
1.6454407006447735,4
2.2372784309253344,2
2.368771261440142,4
1.716945459761363,0
1.7494707621375856,4
2.459404936576945,5
2.479844533261365,4
2.029156530630856,4
1.7907676266979249,4
1.8601518910667243,2
2.450892715641995,4
1.8906877835551879,0
0.4592297746657181,4
1.966140364637001,2
1.855213465616866,2
2.0274594752689743,4
1.7905217927954038,5
1.9989288771077476,4
1.6854863929159696,4
2.1701082301362886,1
1.925426977508031,4
2.5308111005699008,4
2.1152589382633518,4
0.8158982894500002,4
1.8933420241639292,4
2.005014279126489,4
1.7465417799459924,2
1.8728424697651591,4
1.9476945940966046,4
1.841552056544287,4
1.866865184337089,4
2.1026241240602905,4
2.005014279126489,0
1.9600395127834123,5
2.1026241240602905,2
1.649314073529116,4
2.5901843705396836,4
2.013929471294834,4
2.2600285877053077,0
2.2474718564605447,4
1.733476657179275,4
2.330288003293407,4
1.8671142225545214,2
1.8564657400274998,0
1.7078327933448314,4
1.557495170298524,0
2.3639304676686574,4
1.7923456212912452,2
1.7827616998534743,0
1.6716857320215728,2
2.1645029202879496,2
1.6944974418070868,2
2.010906245842108,2
2.201094717158279,2
1.5968869325853978,4
1.6755064748483366,5
1.9576268701383726,4
1.5365083443128875,4
1.51725800700101,4
2.1582419549902023,4
2.0091868358913816,4
2.01679410039189,4
2.161859858797458,4
2.0081585348653768,5
1.9689778746089495,4
1.5135375123400365,4
1.9575145231304627,4
2.263465066789017,4
2.3238038640929704,2
2.5964786675468723,4
1.310164089331746,0
1.6517117532058916,4
2.2185724091451493,4
1.6894088176349573,2
1.936342951444993,4
2.3348682378683017,2
2.0273372470923303,2
1.607796495488361,4
2.5471445912573514,4
1.9986274022565842,4
1.8139324012220501,2
2.163356904403536,4
2.0127937320225753,2
0.5086056530118139,4
2.503044909803817,0
1.949170913127772,0
2.5538322670538576,4
2.0145878293106168,5
1.9862356937729209,2
1.8942339598487956,4
2.047614711830886,4
2.0273372470923303,4
1.918677832909096,0
2.5459865353653997,4
2.0689590569134566,4
2.1333734551520354,4
1.7456578525492628,4
2.115771572119378,4
1.84017835994577,4
2.2122640550194466,4
2.1992571128116327,2
2.0395094496209323,4
2.0948239663885437,2
1.9915058409940478,2
1.796178376028793,4
2.0006552338454116,5
1.6495402414617062,4
1.995431059389845,2
2.0334754390399725,5
1.9610549199502296,0
2.115087438644907,4
2.4768347801243,0
2.325494166064809,5
2.5238853967615293,4
1.6197183245752984,4
1.652731899083533,2
1.6851962051546532,5
2.122801023876827,4
1.6851962051546532,2
2.228254089668739,2
2.2325383429682533,5
1.8161818309948266,4
2.0263307865542304,0
2.3581105201614507,4
1.0359404750431898,0
2.2203129451679775,4
1.3343375351713538,4
1.609562977273915,5
1.5771287000951233,4
2.3701828817917545,4
2.574033471404387,5
2.25381744698618,4
0.7571610966832132,4
1.682846215172948,4
1.6851962051546532,4
1.988184995517213,4
2.321696136654287,2
2.0449303073996155,2
2.021754591469038,5
2.1939706359745332,4
2.1809259320735177,0
1.1350939594102647,4
2.2204291093252237,5
2.003066974161107,2
2.0005537663301958,5
1.779322552284248,4
0.9128015690628781,4
1.717592988589117,4
2.1113125345766757,0
1.977784166465295,4
2.2767164067417887,4
1.9773550255224759,4
1.5636202619626822,5
2.0011820552413924,2
1.8813953891786563,4
2.5188973372306336,1
2.003359007057221,2
1.9802548249080754,4
1.6038033235183065,4
2.338591095818782,2
1.9667510143353892,4
1.6522881927286137,4
1.9423705281523018,4
2.1033333999385273,4
1.8812459408777649,0
2.381990231974275,4
1.6661233634461525,2
1.953168999946995,5
2.003066974161107,2
2.373543114797173,4
1.6051839145872742,4
2.089044533015624,4
1.6364259185598875,5
2.062581565897229,2
1.794371980359691,4
1.7577991322607789,4
1.706744048320132,2
2.229136794233865,5
2.1900747134329377,4
2.006124003330497,4
2.023861208784645,2
1.709123653926263,4
2.0273372470923303,5
1.6226770778572885,0
2.5072217209800574,0
2.168693930283578,4
1.8181445323786458,4
1.9529348633938877,2
2.028009502063872,0
1.889251886447949,4
2.035224197096206,4
2.163687177302565,4
1.894417139217797,5
1.653258722085847,4
2.0190680639513348,4
1.7526581886722061,2
1.9419866955943932,5
1.8185850545626965,2
2.3827236010341393,2
1.712607156960618,4
2.0280706161521946,2
1.8098013470160528,2
1.4643933150146156,4
1.9951161540691913,1
1.8882803878600232,2
1.8335200975121855,4
1.635725028463398,4
1.9904222864994643,4
1.9565112905065418,4
1.7930621365417898,1
2.5926359447092544,2
1.1859016235720616,4
1.9934766196581752,2
2.058793059296226,4
2.2735977948581105,2
1.490394935546802,2
2.3802157885024333,0
2.497046565419971,0
1.8786989232915516,0
2.2110108411300815,4
2.0507820799880707,2
1.4989292858929848,5
2.033473515239277,4
2.4266397354536173,2
2.0324052859222395,2
2.41252739882426,4
1.445727235225379,2
1.5974012736978338,2
2.436170417558018,4
2.2772087895937467,2
1.7919243638752254,2
1.8719447042253312,4
2.0139056808398594,4
2.005136507303133,4
2.105999967327163,2
1.6128034202299482,4
2.3943058729986233,4
1.902346783934492,4
2.0651392931565886,2
1.7660817368462118,4
2.194499755176982,4
2.1662345886606844,4
2.023861208784645,4
1.9428792149821894,0
1.8175758558769406,4
2.0275817034456183,0
2.092694294680731,4
2.071701441615721,0
1.6594663627521755,4
1.5480527139781866,5
2.0307031038141856,1
2.5707226647514556,2
1.8039005005730646,2
2.5342221449176794,4
2.465148008090263,4
1.936342951444993,4
1.8994463469118685,4
1.87526160489218,2
2.002650919940378,5
2.551257276414432,0
1.6852213902782613,5
2.1876789845862565,2
1.1194544216672384,4
2.0294091919526833,0
1.9369674284370018,0
1.9326224567840193,4
1.6582466823166988,0
2.3488332905571525,5
1.891916043460739,0
2.2181282239628333,4
1.7396808494505975,0
2.0266724568474572,4
2.5214933191266438,2
1.8420361245808907,4
2.5282150405037562,2
2.1298404487112883,5
1.9401472686335877,5
1.8190023542284297,4
1.6851962051546532,2
2.4493073664113796,0
1.8780813501792415,2
1.867307106073954,2
1.9816977384267906,2
1.5860015555808307,4
1.7905459599680662,0
2.115581357030928,4
1.6923725669502465,4
1.884279665283012,2
2.5520105250014713,4
2.1674828789120992,4
1.8358918226161598,4
1.8539029291611187,4
1.6796154631631928,4
2.520612962204468,0
2.157035108501329,2
1.2257659329163815,5
2.171448646122213,0
1.3254157908453421,0
2.1515757883517845,2
1.671687767022212,4
2.2049441325614567,2
1.8996346965277942,2
2.3545043657286637,4
2.477710723055239,4
1.8222132905112602,4
0.6825588366424826,4
1.549589210088302,2
2.1920078005999932,2
1.6661925900394503,2
2.414155888311451,2
2.0174391220350323,2
1.9018999335720874,4
2.081809876727347,0
1.6982179364680605,4
2.257625020730345,0
1.6041455763600059,4
2.005014279126489,2
2.1468240222667863,4
2.005014279126489,4
1.8176340538303706,4
1.869520310259183,4
2.2335147743225914,0
1.996748327458306,2
2.005258735479777,2
1.8954175101742843,0
2.0961368669698683,4
2.326276058031586,4
2.090082668398522,4
1.6440363047403004,4
2.4837743010467817,5
2.5326530793435733,1
1.9607627805609757,4
2.127270925502565,4
1.8218716821537129,0
1.6509468856821314,2
1.8592520297393749,2
2.1628312231251505,4
1.7134024601923232,0
1.753371670543617,4
2.169627489125884,2
1.6517117532058916,2
1.873086703993059,4
1.8467573278037042,4
1.3670358920187033,0
2.083285518238893,0
1.4246328761645581,5
1.8044224976311396,5
2.217222219357302,5
2.6294255218598512,1
2.0300063643584667,4
1.7903427668279634,5
1.438747008438198,0
1.3348376153193589,2
2.0666870383986735,2
2.0048901373180126,2
2.083573736746462,4
2.6039255049048764,4
1.8889077485230468,4
1.791568274039225,4
1.6016689815747844,5
2.0459989208536875,4
1.970663730988698,0
1.679310987132921,0
1.6889166998156266,4
2.0275817034456183,0
2.2977056746985096,4
2.189619992720932,4
1.6889166998156266,5
1.5423222878605305,5
1.9656136651544647,4
2.0200348042942133,4
2.026824543930779,4
2.619653321821422,0
1.7270648170472982,4
1.6412261288263794,5
1.7470982923976646,4
2.1703593738143425,4
2.240584393771318,4
1.7651529016234577,4
2.5377850352826807,4
1.8837272729824548,4
1.6156410788044326,2
1.8669405663134253,0
2.2853781269246825,0
1.9783803778951763,2
2.6683325096852575,2
1.864439162890999,4
2.170459596417918,2
1.9309623257513504,2
2.117362539534203,0
2.170467262543067,0
2.0353069896231863,5
1.8879588736485902,4
1.286553904512367,5
1.6018073148328034,0
2.173925688618468,5
1.5197252674405517,4
2.3759101597716996,4
1.6531559058777674,4
2.416513196380237,0
2.070262863654256,4
2.2290455292745883,5
1.7453036400480852,2
2.184285636679535,5
1.4793564237610393,2
1.6148000932033388,4
2.071701441615721,5
2.389821199321511,4
2.022973211881773,4
2.4661206203705457,4
2.2059311217028976,4
2.187251321366386,0
2.1528861382088906,4
2.4879663102676224,2
2.49312295437072,4
2.0280706161521946,4
2.1368840971265075,2
2.4745313715741273,4
2.0121839874143217,4
1.676177070739084,5
1.6535069506907036,4
1.5327003812240878,0
2.066639538898478,2
2.4841343469722013,4
1.8589530247090857,2
2.098133788417431,5
2.058873967031436,4
1.6423289896161513,1
2.394092511664225,0
2.1047570013979144,5
1.8607269508240611,2
2.2946332254462334,0
1.6982179364680605,4
0.9866875618101789,4
1.8106328375859948,2
2.083442944482448,2
2.199374705173731,4
2.2013939002685663,4
1.8070054051242666,2
1.8005582843611672,1
2.586459144867392,0
1.886482806688456,4
2.0671787379455777,4
2.394752475964858,2
1.9998450077705974,4
2.1022145205142264,4
1.5636202619626822,4
1.9816977384267906,0
2.0478691852683486,4
2.0838020988026713,2
1.624694876941009,4
1.7225809727595431,4
2.198395460872212,4
1.9816977384267906,4
1.6851962051546532,4
2.3374047287236266,2
2.005014279126489,2
2.4416218552531053,1
1.7483514339023278,5
2.257720761325105,5
1.6425034708794815,2
2.0057476481863534,2
1.7895152579096552,4
1.8786989232915516,0
1.7793992895636779,2
2.2742386960969325,4
1.6629639773725033,2
1.8972269910056436,4
1.8555979492691563,2
1.763706960500395,0
2.292598062312968,2
1.7612767608883722,0
2.3851085268485184,0
2.079052374883827,0
1.8856808588136005,2
2.1300849050645767,5
2.372763123015517,4
1.6524265911563183,4
1.5298491666315792,4
2.467516151363795,4
1.6382033150734503,2
2.0275817034456183,4
1.7980738354444932,2
2.03199296960271,2
2.163922449530316,4
1.7384033706842117,5
2.2253005754384474,4
2.519369533385812,4
2.1026241240602905,0
2.005014279126489,2
2.631636113633355,5
0.5764714113586207,4
1.990398322677582,2
1.9308042558434075,4
1.7044279539088343,4
1.7735945866051719,4
2.3328047687456737,4
2.0275817034456183,2
1.9049035007763089,4
2.023861208784645,4
1.774902977970906,0
2.257720761325105,4
1.8417122112348172,4
2.078217681708716,5
0.6946624406012323,5
2.547743336065799,4
2.1278896846919335,4
1.8542407421961613,0
2.0273372470923303,2
2.13558074251274,0
1.9610549199502296,4
2.292438658890535,0
1.6463310746511237,4
2.0364423155999614,4
2.574393206348363,2
1.9586480460442357,4
2.0679392817148647,4
1.973589328332331,4
1.853320262442248,5
2.5945250126634067,4
1.992748000071511,2
2.005014279126489,4
2.5963564393702283,4
1.9094160976701513,4
1.8566659160229237,4
2.262482398097248,4
1.9683611130339347,2
2.0187526396023006,2
1.9497570714403212,5
2.126665441915889,4
1.823821153959484,0
1.6665654904967449,5
1.934094272093596,4
1.8007960101910174,2
1.8458741761154431,4
1.7475847908783284,4
2.5137887913943517,2
1.7930747436392673,4
1.8786526687412244,4
1.813856771800669,4
2.032080138680107,2
2.1149859612522603,4
1.8945325039419776,2
2.459649392930233,0
2.09228566312615,5
1.9314046396537887,0
1.927744644321993,2
2.434825702911026,4
1.8901533752276598,4
1.484985990523041,4
1.9989288771077476,2
2.1043959130486107,5
2.2920853767609204,4
2.00350428625546,4
2.3931552835048557,2
2.389431221296222,4
1.8542407421961613,4
1.9046479978659092,4
1.5018188395622012,4
1.4774676784193443,4
1.7824139869891455,2
2.5276047279588454,4
1.836846271743492,4
2.2255323376758205,4
2.0273372470923303,2
1.874574420467299,4
2.403092684329849,4
2.005014279126489,5
1.6290514163304544,2
2.0119904489234877,5
1.936342951444993,2
1.7078321849427116,2
1.6372865142608246,2
2.061001688173006,4
1.6665937318497854,5
1.620284334516206,0
2.5963564393702283,4
2.055328845756046,4
2.300375001402939,4
1.8942339598487956,4
2.006830217204515,5
1.677430456323842,4
2.0252669841793773,4
0.5548595513947179,2
1.8075395016342806,0
2.381990231974275,4
2.105786758990005,0
1.9982600600602685,4
1.5215481724119577,4
1.7558073526776137,2
2.4359550903404816,4
1.9159428127597857,1
2.392332258493129,5
2.4971185739042348,2
2.1145581626340064,2
2.0275817034456183,4
2.302944589550063,2
1.7259323282374375,2
1.217275656503766,4
2.519041282612303,5
1.8244465118325406,0
1.6331360632207954,5
1.6851962051546532,4
2.113123432080249,5
2.140508392142105,4
2.043884321454545,4
2.419388522841879,4
2.1362077638988963,4
1.8205929374955736,0
1.910050765113242,4
2.0275817034456183,4
1.6517117532058916,2
2.129643171241253,1
2.0770691437251685,5
1.9291087709864243,2
2.211597658236518,2
0.2621650503283739,0
2.194091381995924,2
2.196477705503579,5
1.9645240108881117,4
1.4929707926754712,2
1.9113874958171608,4
2.4465552511058646,4
1.6504400092963647,5
1.6447388495723816,5
1.9402799255835566,4
1.8212002367947466,4
2.1546413064906327,4
2.010517278574669,4
1.9755110340049502,4
1.6851962051546532,4
2.2443855151912246,4
1.662948048693952,0
1.5861342827099958,4
1.6605466422186606,5
2.3616789274858974,4
1.6517117532058916,0
1.4678233857975354,4
1.9144066966834332,5
1.769370460047373,4
1.809840481093521,4
2.479844533261365,2
1.5794932078685981,2
2.104604331727893,5
1.9517138956565885,4
2.5707226647514556,4
2.0275817034456183,4
2.055055369305332,4
1.9401472686335877,2
2.005258735479777,4
1.9006523238649358,4
2.454007713231354,2
1.5216855001310006,4
2.0301431967242247,4
1.8943231171588795,4
1.8372516062663935,4
1.4735104070151706,2
1.914583392089096,0
2.0280706161521946,2
1.9154867215988802,4
2.0127937320225753,0
1.6644486499747453,4
2.1703593738143425,2
1.8350568756383523,2
2.004927221491594,4
2.4742703704300157,4
2.5131528930416165,2
2.5861967248349136,4
2.2588678174172507,5
2.4897709546837996,4
1.6152465874878623,4
1.8397260798955626,4
1.681945999665483,4
1.5320162497507916,4
1.766741660681383,4
1.8969825346523554,4
1.5336216744130624,0
1.6851962051546532,2
2.005014279126489,4
1.6507016197162674,2
2.4074135551016975,4
2.5964175534585503,1
2.0149458859034266,4
1.988184995517213,5
1.8914919373175856,4
1.8104629118161044,4
1.9087849996994404,0
2.171768414030083,0
1.8649437854668132,4
1.9914650948569426,1
1.5981958861675376,4
2.218932675194782,1
2.1261607364625092,2
1.7041505612512986,4
2.389134534469648,4
2.282742201883266,5
1.4672699635289048,5
1.5440043381065243,2
1.9956431443997746,2
2.17940367771761,0
1.8169476790180652,2
2.3292973238930172,4
2.2919142811703477,4
2.0224898741607342,5
2.196390278850502,0
1.6483313723133213,0
1.847792340412436,0
2.653386597357403,2
1.6739161122769977,2
1.7647146464265582,4
1.9911712399840693,4
2.514540058650367,0
2.6440163526295515,4
2.0275817034456183,4
1.4953314523035433,4
2.0083935176633902,4
0.8975504616579733,4
2.0151665606011684,4
1.9058252626018963,4
2.0010617566615236,4
2.2740802662723163,0
1.6733003850973283,0
2.2427150563843705,5
2.0761876651472786,2
1.8880001599439855,4
1.7437215324804387,5
1.5273800025247377,4
1.9807628804585908,0
2.410009093988491,5
1.9244870445385547,1
2.172765617578487,2
1.6517117532058916,0
2.250075135210317,5
1.792168028797033,1
1.6008005975275137,2
1.5749737995586204,5
1.8581262134162133,4
1.8537760043617533,4
2.341527536368746,1
1.933064488357053,0
1.8812459408777649,4
2.5139655726803016,2
1.708885266024678,5
2.1128723156252778,5
2.1323480443966285,2
1.7345581604274902,4
1.5972596293898325,0
1.7749522155574742,0
1.3635022020309715,2
2.1771321771043306,4
2.4745313715741273,5
1.7076062307553896,2
2.194499755176982,0
1.805812210103395,5
2.049063190979798,0
1.5791590023020405,5
2.256012081504922,5
1.6448870507454805,5
2.157922690690408,4
1.3480028811613562,4
1.9382956583580382,4
1.652464238937661,0
1.9470605810526969,2
1.5452309939433766,5
2.023861208784645,4
1.573388018851426,2
2.1992571128116327,4
2.289455410944858,2
2.109689147906729,5
2.134842982532575,2
2.032258853121466,4
2.5733024136359286,4
1.672646790556741,4
2.099906444548655,0
1.5366033856977999,0
2.5715975776541726,5
2.187701085965917,2
2.2272793796655685,5
1.909979641387046,4
2.0157827352223596,0
1.8870031072142694,0
2.194499755176982,0
1.7147417195510706,5
2.2207693533489645,2
1.6432360116010365,2
1.8699298978020769,4
2.0381584829482384,5
1.8815461242367322,5
1.787283044408685,4
2.413822296134603,4
2.0083801358483444,2
2.0389173026983296,4
1.1885608495062607,4
2.095776246459334,4
1.9822125437435345,2
2.173910870607631,4
1.653970646672819,2
1.6851962051546532,4
2.0606265474289254,5
2.0741019554241213,4
2.229696452013583,4
1.9251553010304954,4
2.0537999560409057,2
1.8942339598487956,0
2.2229721493461407,4
1.886193299169323,4
2.521844775908889,4
2.028368390019634,4
2.586459144867392,4
1.8691453513900058,2
2.297727649770648,4
1.9236183607567057,4
2.284264753433599,0
1.9313957445167613,0
2.058840961113924,4
2.0491720924405943,0
2.286958793864233,2
2.2510276563472065,4
1.742219664284424,2
1.501757725473879,2
1.2702859726636442,4
2.6683325096852575,2
1.806655557349435,2
1.8861162735218504,4
1.8120368957980129,5
1.6054380602805076,4
2.1268297172908976,4
2.1728777667465513,4
2.497046565419971,4
2.054334378683783,4
1.974009130837473,4
2.005258735479777,4
1.6625797328615923,2
1.6118300253176139,2
2.580730212426981,4
1.7750296553741014,5
1.853708645451472,4
2.0107681671570474,5
1.8064527957241385,4
1.610241210384568,4
2.005014279126489,4
2.0813762469010033,5
1.5083057939259708,4
1.6209942557033914,0
2.228157400493739,2
2.1616061985907256,4
1.8886217997797266,4
1.776227458441798,4
1.5579796337785485,4
2.2004147698895533,0
2.3502761028235226,2
2.1615206726291802,2
2.135153610398526,4
1.6277719226422906,5
1.9108904568185907,2
2.0208274843793976,2
2.3617900738701154,4
1.7403273521597173,4
2.511479987000335,4
2.4128720689165135,4
1.9187465960959291,4
1.9449698863118212,5
1.964246236574173,4
1.6889166998156266,4
1.8458741761154431,5
2.0935223357939723,4
2.3651789753110757,4
2.418593826114528,4
2.1368045741336257,2
1.9947330279361468,4
2.0640436624445595,0
2.5909178050825874,5
1.7100746246640695,2
1.5123304627535878,4
1.7538887626788284,2
1.9814532820735025,4
1.6529848209950357,3
1.6143667669014912,0
2.590775697378768,4
1.8891961580126866,4
2.2444826061560237,4
2.388344183527932,4
1.7137778642868695,5
2.169540990984832,4
2.202800863891328,4
1.682162480749406,4
2.41252739882426,4
2.4640076340927353,4
2.1287270871094575,4
1.8592281022038555,4
2.1117375202477486,4
1.9884539437733972,2
1.864599513842623,4
1.8922275309907257,0
2.036568979469344,4
1.9778461441165942,0
2.5445030573482113,2
2.145918404013815,0
1.9509805265967242,2
2.414584357547663,4
2.210836662593404,4
2.160728659845879,0
2.1728777667465513,4
2.1533976300226016,1
1.3495146305261048,1
2.3798192112488183,4
1.8474748455466619,0
2.546917211345181,0
2.0127937320225753,4
1.6614488382593064,5
1.8811896714594156,4
1.805251684355976,0
2.03459885216345,4
2.008372755039015,2
1.952603465291158,0
2.120539212058855,5
1.7178209260541035,4
1.6161127425114734,4
1.8556694109466727,0
1.8716533862620772,4
2.177975359540333,2
1.5225959916408014,4
1.7435264551507401,4
1.7001230062939556,5
1.449233102252166,1
2.113304691168961,2
2.005258735479777,5
2.184560128320404,5
2.3483145189438983,0
1.6851962051546532,4
1.6851962051546532,0
2.37626200072858,0
2.2112518642448165,2
2.1611691121039387,4
2.4742703704300157,4
1.595863873295427,4
1.994155480506501,4
2.1223587617086372,4
2.140711275196357,0
2.003066974161107,4
2.0057476481863534,2
2.0362064059890184,0
1.8829876015703029,4
1.8383579531176162,4
2.3641410113321375,4
1.40238080681311,4
2.118935047464677,2
2.2113560780972974,2
2.1026241240602905,4
1.5503210315098732,2
1.8598932270563924,4
1.573940260041862,0
2.31493525200303,2
2.259325987866744,2
1.5703677306798087,2
1.553791411421092,4
2.598483236723511,5
1.5885443127552858,1
1.9936430236411975,2
1.9140452605216853,4
1.6200685320135988,4
2.351521611728609,4
2.0540609016884313,2
2.067739672874562,2
2.132763373455486,0
1.9773077384745692,4
2.2221933623184023,5
1.8391199570492225,4
1.9080820866795878,0
1.8503538997187192,4
1.7698652309425627,2
2.3817974111388636,4
1.67070293922716,5
1.5903927259090196,0
2.65628763455431,4
1.9656136651544647,4
2.5707226647514556,4
1.9238426486212632,5
1.6982179364680605,4
2.008400050319401,0
1.9441196108898942,0
2.2576979896189195,2
1.79784725682996,0
2.2194614261875385,2
1.5927840289403927,5
2.15810088643242,4
1.3444136363747816,4
2.1379973186989796,4
2.172243149667647,4
1.8308018167156974,4
1.692526242352301,0
2.1557890395577615,4
1.8979631859529893,4
2.243705375829858,2
1.9499496054757948,4
2.2946332254462334,4
1.550833734671424,2
2.2605186886887876,2
1.9849960782811154,2
1.9814532820735025,4
1.7512530699040827,4
2.0273372470923303,4
1.7304540899757983,2
1.6329815683287343,5
2.1173831425404614,4
1.6726739487672297,2
2.584274333134678,0
2.4070448732757983,2
2.173419545093452,4
2.4388607704522665,0
1.522047879533817,2
2.392332258493129,5
2.0442196283065224,4
2.005501381388944,5
2.0224898741607342,4
1.9720917492001129,2
1.936342951444993,4
1.5774887900552859,2
1.7900084841805475,4
2.042283159420185,2
1.936342951444993,4
2.135856393794781,4
2.295250875574221,4
2.350299801359572,2
2.1757798193868183,0
1.6851962051546532,0
1.9218603473659852,0
1.6889166998156266,0
2.2264855035770212,5
1.7742789602225693,2
1.8996823734486665,0
1.9727948451841446,5
2.2203129451679775,0
2.553364585861475,4
1.0979392363536227,4
2.0608846838916075,2
1.6491423964517662,2
2.0747204141029894,5
1.64961508057911,2
1.630886775176473,4
2.394573553729767,4
1.7598201262777435,4
1.9989288771077476,0
2.7053170216016547,4
1.8515853452134485,2
1.988184995517213,0
2.467516151363795,4
1.6986703148217985,4
1.3978739365702109,3
1.7688275542317442,2
2.138193270871088,0
1.5449226625526864,4
1.9477681185531275,4
1.7852818561321913,4
2.5503142307851174,4
1.6261889532107627,4
2.1443664170587518,4
2.0838020988026713,4
1.9807330022433138,5
2.3351126942215896,5
1.8358918226161598,4
1.7310639121443672,4
1.8528595591588264,5
1.6907616019172869,4
1.6457008552964338,4
1.501757725473879,2
1.6727747542107103,2
2.5813784600971825,2
1.8812459408777649,4
2.3582230482740014,0
2.3977119485468323,2
2.208178047546989,2
1.5874552046639403,0
2.295453801288167,4
1.7572714853524605,0
1.9829714531963982,4
2.069670562898969,5
2.003066974161107,4
1.765434743507545,4
1.79713111232926,4
2.2807158117692525,2
2.6709585018512714,4
1.5854009136501315,4
2.2139418522348016,0
1.6260790088685462,2
1.9719964783418882,4
1.7915726275243655,0
1.4975169880217511,5
2.069944542137994,5
2.135084234113416,4
2.135481306175678,0
2.025992737149246,2
2.0468660814701822,0
2.6701211439749013,4
1.6851962051546532,2
1.936342951444993,0
2.5137887913943517,4
2.190636699585234,4
1.7418262681388077,4
2.0513352064918595,4
1.7997422518319883,4
2.3226419567176206,0
2.3081199188484876,0
1.8851618243945185,0
2.125295334098351,4
2.3838964448772266,4
1.644957534139671,4
2.0360284711657153,0
1.9714876401486743,5
1.7988812567886892,5
2.166025799835717,2
1.813944225132191,2
2.5744301202448607,0
1.8385974681964963,2
1.904469294440131,0
1.6123192385346905,0
1.9180047630841832,4
1.7412757328353465,2
1.5810315590291695,4
1.7724013458780432,0
2.0273372470923303,4
2.0108706611312046,4
1.6614228484618376,5
1.6851962051546532,4
2.284624843393761,4
2.021090516965515,2
1.677755215832706,0
1.5945671163142991,4
2.0201338504180026,4
2.0854328409729384,2
2.1067828917915197,0
2.011920075629318,0
2.5684070456252286,4
2.3701828817917545,5
2.2282665044692447,4
2.177717539553094,5
1.8916407314718722,4
1.5661209265345946,2
2.1399999582406153,2
1.7631519775930227,4
1.9140199834791518,2
2.125248033301654,2
2.4662940487390483,4
2.041752633180394,4
2.0073384508180947,4
2.161962668713694,4
1.9710528096986386,4
2.0275817034456183,0
2.1104765163568424,4
2.099097852575287,4
1.6824523105187683,4
2.168188727337216,4
2.164642072997747,4
1.8294528633314944,4
2.0201808551365046,2
1.6628913530291718,2
1.581503450306724,5
2.4597256717525604,2
2.379898579600526,4
2.5179248928232587,4
1.9068802457937037,0
1.089115666289791,0
1.961355041142233,0
1.6634028511347259,0
2.0018989697196163,0
1.868456410190619,0
2.194898284376921,2
1.9802548249080754,5
2.6477963256441144,4
1.5348859918452296,2
1.7908317937378317,0
2.0273372470923303,5
1.6043206085440018,5
2.3524546155093775,4
2.020003162974987,0
2.1658204963238585,0
1.727636873634998,4
2.519369533385812,4
2.319319136746243,2
2.217806939257908,2
2.1334479625880416,2
2.3390026041972503,4
1.5090992762426114,0
2.426458744654087,4
2.0273372470923303,4
2.635674008480387,2
1.5435716571136253,2
2.263992098684986,4
1.689267643673311,4
2.6683325096852575,4
1.4274278887464762,0
2.0998349399256715,4
1.7464871515144442,4
1.6760458114717443,4
2.1126055300686106,4
2.2842642228832273,4
2.133289499442183,4
2.422551241133648,0
1.9343496344030453,2
1.9042520582110902,4
2.3516975214775777,0
1.9840500301026303,0
1.5692562953805984,0
2.1552631796823203,0
2.237003019900903,5
1.7766652204746116,4
1.6927004151035456,2
2.1088995669099693,4
1.8833748491856692,5
1.9656914723722942,4
1.9591631983755806,4
1.7689375219958512,4
1.6288197418711343,4
1.93503683755366,0
1.9921666149072572,4
2.1703593738143425,4
2.330282544117495,0
1.811607630989448,0
2.017639864926712,2
2.205426981248635,4
1.5791198682245724,2
-0.5903309936818117,4
1.667997039348991,5
2.0731349927408766,0
2.5093260584170873,4
1.8207516819473692,4
2.176460021761866,4
2.0275817034456183,4
2.41252739882426,5
2.396872210618169,4
2.194499755176982,0
1.4244406354464891,4
1.6637664615831635,0
2.590673348729299,5
2.0463953965911057,2
1.944757413304771,4
2.005014279126489,0
1.6781083655779327,2
2.0348761859375295,4
2.0241175488052012,0
1.5784738325457324,5
2.0730406894418305,4
2.530445478240635,4
2.0274594752689743,0
1.6851962051546532,4
2.005014279126489,0
2.2495089882158186,0
1.6649442365211486,4
2.409161542102405,0
2.10551639846633,4
1.8145155896317156,0
2.084298625383091,4
2.1149046442866113,2
2.14017388004833,2
1.5062053107983107,0
2.1169074085513566,2
1.6244082335586676,2
2.367816786205957,4
2.0646167215353195,4
2.020582624327898,4
2.1992571128116327,5
1.5914120930422762,0
2.266598699775447,0
2.309858931695315,5
1.5847447216010666,0
1.901485203064873,2
1.9842760511154727,5
1.952464418783067,5
1.8501094433654313,4
2.005258735479777,2
1.9524512664632545,4
2.469104851538264,0
2.509371145071452,0
1.675597984432346,5
1.9782418592148947,4
2.2215135669576416,4
1.937716544817571,2
2.2943736899477947,0
1.9710274652101187,4
2.3863884605701307,4
2.013739276856837,0
2.1672654173286974,4
1.936342951444993,5
2.0935223357939723,4
2.3292381732836573,4
1.779386489790694,5
2.281545226609241,4
2.005014279126489,5
2.1763646182660485,4
1.7250756657373931,4
2.267457764930538,2
2.578277977792008,4
1.8311878664405812,4
1.6290509022896635,4
1.532930341018925,4
2.2618349842593553,4
2.066207289420386,1
2.003066974161107,5
2.1448910344649565,4
1.5951068356940326,4
1.9483485936666107,4
1.606516943472026,4
1.7487189280448359,0
1.683041301010642,4
1.7479694561416699,4
2.066003717599648,4
1.930971638373608,4
2.228254089668739,0
2.023040513509271,5
2.4370671968129347,4
2.003066974161107,2
2.228254089668739,4
1.9356766135618273,2
1.4246328761645581,0
1.5973913572937852,4
1.0962295859496187,1
1.9263532034251902,0
2.005014279126489,0
2.3214917279765976,0
1.7321180161266416,4
1.5412452305227915,4
1.577296134914857,4
1.9255358342804236,5
2.1026241240602905,0
2.036585419427895,5
2.05830340214676,4
1.991750297347336,2
1.7159323319667121,4
1.4552579591972448,2
2.0820300585411613,2
2.5122666416444646,4
1.9140199834791518,4
1.8253814232065033,1
2.4970949641972866,4
1.5674995439338162,5
1.9717742835310155,0
2.2903737180835964,0
2.0410062712038566,0
1.9456821699800233,4
2.0747204141029894,4
2.205886421439321,4
2.1564972730121132,0
2.1239663854219692,2
1.9557828255228236,4
1.7140627907397015,0
2.2269996693702487,4
2.262482398097248,1
2.103350794526603,2
1.9402293104477555,0
1.858886873060307,1
-1.2921013288691183,2
1.7108967825711205,0
2.0628295154398812,4
1.5515354343804895,4
1.8109844947050249,4
1.8508413979692335,4
2.1518940259287853,0
1.856255123424033,4
2.6010638621219084,4
2.2405080854991093,2
1.5093331546265265,2
2.140343213117192,4
1.7621284628599443,4
2.1069582742573174,2
1.9775718486440568,4
1.8781593954491747,4
1.624317864345459,0
1.7893014601493156,4
1.816384947383104,4
1.5011521639702732,4
2.0280706161521946,0
1.7713131313272599,5
2.330282544117495,2
1.76554079731921,5
1.679892733885363,0
2.0578368811727548,5
1.9751292249150425,1
1.8398105889954381,5
2.354312732361666,2
2.236853039949717,4
2.2856805225012624,0
2.5707226647514556,0
2.485968594897301,2
2.4192591122679703,4
1.883863156504121,4
1.936342951444993,4
1.8153117184741339,4
1.756485676100859,4
2.1000994844083567,2
2.2132922946763305,4
1.5288988065007711,0
1.7181367031925245,5
1.8136091750580503,4
2.2670082590335636,4
1.5346982190794456,0
1.900935176269975,4
1.68486583151535,4
1.9698812456728452,4
2.302904242161808,2
1.5315093505253734,2
2.574033471404387,4
1.6889166998156266,0
1.7006136749771945,2
2.2576979896189195,0
2.0273372470923303,2
1.9045687247385552,4
1.7450633197237528,0
2.2696021755941076,4
1.7545385384637464,2
1.6025973674801715,4
2.232899799527249,4
2.136175319879403,4
2.005258735479777,0
1.9522652419746276,2
1.7687915691387044,4
1.5807186097411772,4
2.194213610172568,0
1.8839624049000614,4
1.8792634653706342,2
2.2377439191704753,4
2.3462363553953924,5
2.2475420368642305,4
2.430012676615174,4
2.0927770362713063,4
1.4122242263467273,4
1.6219542077499454,4
1.3553990512601288,4
2.0948551937918207,0
2.6515032260759814,0
2.1863537094060366,4
2.171099342431566,5
1.8736841815785459,5
2.0178075727211375,4
2.1067526946696695,4
1.9806634610992924,4
1.9497725325439543,4
2.005258735479777,4
2.2512529995872232,4
1.6614488382593064,4
2.2112808320909365,4
1.8429130215371945,0
2.50768448129528,4
1.897790460666322,4
1.8943482965077016,2
2.1900747134329377,4
2.303101039979649,4
1.6517117532058916,0
2.0069455087355035,4
2.2469977752497443,4
1.847904817588581,2
1.6851962051546532,0
1.6253126756608856,4
1.827189417450304,0
1.9201439457880902,2
2.10617938706651,0
2.209549820812993,4
2.0456338021431435,0
2.2728994494089734,0
2.102018217515678,4
2.066207289420386,4
2.416513196380237,0
2.5281475024411346,2
2.4299945825145435,4
1.6244532302570542,2
2.551257276414432,0
1.6381032565202962,4
2.119659656494464,4
2.171890642206727,4
2.2704803142819525,4
1.4701006277230748,0
2.4121159463315593,4
2.145154444060194,0
2.1575858155490573,0
1.9780778769040854,4
1.772725375567106,2
2.3931552835048557,0
1.4393099430942788,0
1.815896145272312,4
1.6825449126000434,0
2.604020611459474,4
1.4809107520728233,4
1.5709320842242567,4
2.022370831573268,2
1.2405113125391907,4
1.8112022369732708,4
2.5139655726803016,4
1.6631989854519453,4
2.019708631935621,2
2.4852497653795824,2
1.7968933172051589,0
2.543225543093306,0
1.6628346881674012,5
2.4665752458857786,5
1.9871960927439396,4
2.0362942032829174,4
1.739160116029896,2
2.4393867357315715,4
2.005014279126489,4
1.9799681815257342,2
2.058332887118461,2
2.5746242831027577,0
2.001328992129071,4
2.1880291150088795,4
1.8433838412430625,4
1.747532746130012,4
1.9841892028587216,4
1.6851962051546532,0
2.5245097193762165,4
1.8165652554222185,4
1.9307462064925138,4
2.5612937324916754,4
1.9301779813475786,5
1.615188085707857,4
2.0625306141688955,2
2.094460273947486,4
2.0471594561738042,2
2.0273372470923303,4
2.0485456065923997,4
1.9649092529251395,0
2.029856690703214,5
2.005258735479777,3
1.8031782358538455,4
2.4055512290272616,4
2.3994658270085196,4
2.0601340853557844,4
1.9450468244726737,4
2.2462034417933703,0
1.626068417452462,0
1.6686540426169647,2
1.8178095171995126,2
1.8460607559570408,0
2.2949184207435316,4
1.8386266033708853,2
2.1356897339075935,2
2.216822723142823,4
1.5415491011160647,5
1.482569633168035,2
2.5141269544579905,0
2.005258735479777,4
1.8473599866191286,5
2.086688075580161,4
2.226057147136438,4
2.194091381995924,2
1.8896855622337552,4
2.1732120144500855,0
2.397277061666391,2
1.8244752124405272,4
1.7693127772346566,4
1.9813245584008818,3
1.5658678003986402,4
2.392332258493129,4
2.6663852047198753,4
2.0799836455275846,4
1.456070386220886,0
2.402977706249661,4
1.7107192524970773,4
1.7250617932927998,2
1.9635603769025813,0
1.6247359736237679,0
2.2063666855583217,0
2.4963131963601066,5
2.1603262524734506,4
1.4166731714065577,5
1.7390334573524342,0
2.459649392930233,0
1.7012847248927399,5
2.4163821682526914,2
2.0617494448564044,3
1.9147667343540622,0
1.9725911949294201,0
2.237003019900903,0
2.018444664861083,0
2.399420918406573,2
2.4560902417976385,0
2.5975791774428,0
2.1355665516949376,4
1.8773409660503821,0
2.5598137309010656,5
1.273188842115196,4
1.8806031306437458,4
1.580503512245125,4
2.120539212058855,0
1.9145236742757406,0
2.139197704663339,2
1.8591894197470087,2
2.244833534819027,0
1.9256327326787388,2
1.6834894395761215,4
1.8515506985736139,4
1.8485153514121626,4
2.5993939676930777,0
1.8786989232915516,4
1.988184995517213,0
2.042325030199419,4
2.1861803781483795,4
2.0284591120222295,5
2.172243149667647,4
2.241023990214781,4
2.0820300585411613,1
1.6522871040538338,5
2.486187617652809,4
1.7338919614737607,4
2.560068309489187,0
2.4490288556780566,5
1.7347048560340919,2
2.003066974161107,5
1.5772947386398906,0
1.9114068557713177,0
2.343796441425848,5
2.519369533385812,4
1.9623134950685903,4
2.151197257567823,4
1.7229898968612671,4
1.788398155657108,2
2.0379756803245055,4
2.6766662685137335,4
1.854630677275983,4
2.230912674456782,4
2.249959109212245,2
2.164157814286812,2
2.047782792795012,4
2.2059311217028976,4
2.4097319253158815,4
1.5275254765657613,2
2.4147746931418954,4
2.0086245922016324,4
1.8163924891254506,4
1.4995770643330613,4
2.0273372470923303,5
2.332293247228876,5
1.9436020663637992,4
1.7198769342725475,4
2.5707226647514556,4
1.8559808081640672,1
1.9516796437005597,4
2.41252739882426,4
2.136311596919771,4
2.0280706161521946,4
1.667935792623076,2
1.5314591723983786,4
1.3109109403534183,2
2.1919946493801032,4
2.050938219765247,0
2.5486038563956197,0
1.8014612146050446,2
1.8905134651878222,2
1.451712733139084,4
2.480409424026562,4
1.8345239363872552,4
2.4176969029532325,4
1.7206805178821358,4
2.314469875745029,4
2.133289499442183,4
1.936342951444993,0
2.5800270825607625,2
2.551257276414432,4
1.4602281002487976,4
1.8626590508431806,2
2.5741614675222335,4
2.5707226647514556,0
2.009033470305666,4
2.0555021299543177,2
1.5593935321492003,5
1.7487227002964043,2
2.546539449455128,1
2.2238361345805484,4
2.3606595015180587,4
1.8344180691360035,0
1.7825324646157226,0
2.484200701173917,5
1.5668471734500853,5
2.003066974161107,0
2.6683325096852575,5
1.6382033150734503,5
1.6713083573201502,2
0.9993932006967468,2
1.6633236008739773,4
2.163922449530316,5
2.0703841085982115,2
2.459404936576945,4
2.1783146706849252,4
1.846358070785139,0
2.111463672826553,4
2.005014279126489,2
2.5963564393702283,4
1.6470567544278003,0
1.6111864388085677,5
2.590673348729299,0
2.1537090091347286,5
1.8481198803939567,0
2.2059311217028976,5
1.4210860344286054,4
1.6517117532058916,5
2.4886537574983314,4
1.863675356516857,0
2.2214950364034887,4
1.7284087189856503,0
1.9339541303763244,4
2.5616221580397545,0
1.7204989778065003,5
1.6710009967664854,4
1.6851962051546532,0
1.899824667470968,4
2.2234945817684615,1
1.8096974643680588,4
1.70634626601052,4
2.1992571128116327,0
1.730364683344825,4
1.5018188395622012,5
2.5513800241640943,4
1.6100571113681514,2
2.002155035984572,2
1.4835743435531321,4
2.361850225376202,2
2.208135275186753,2
1.8444161256304432,5
1.8436607765597253,0
1.9171838201487876,0
2.4817279045427862,5
1.9512294509022972,5
1.9635739116872868,2
1.677755215832706,0
1.8665018278950514,4
1.763631593933717,2
1.9639265456600599,2
1.9297467505524664,5
1.6207287153385228,4
1.514985620254614,4
1.8867900788542484,4
1.8732270805228146,0
1.8812459408777649,5
1.8880001599439855,4
1.73512730033566,0
1.955975556110824,4
2.075252989307187,0
1.7585363162538266,4
2.513503100479917,4
1.7571464692079846,4
2.4825071803405336,0
1.8991433324352718,4
1.6642108674612845,4
2.482828252059807,0
1.7101853830511669,5
1.5345759909028014,0
1.7554134097741243,4
2.1763646182660485,2
1.7841642896590293,2
2.005258735479777,4
1.936342951444993,0
2.1425935229349453,0
2.223054346890758,4
2.0142007523289482,2
1.8403480507427339,4
1.7788267100868842,4
1.8782145737233866,0
1.6228335954414284,0
1.5945034831408393,4
2.0860158206086186,4
2.0290122385260183,2
2.6142343457822856,4
2.311426740770608,4
2.0733853551669608,4
2.340861568911425,5
1.493925828272137,2
2.4158932555461154,4
2.335146682827152,4
1.7990675691495954,4
2.5861967248349136,4
1.487217379671745,0
1.6201445755552597,2
1.9357031754368255,4
2.005014279126489,2
2.5074992253984814,5
1.998437748042686,4
1.906050240948296,5
2.0935223357939723,4
1.9931444403204095,4
2.18053731650619,4
1.660900293619662,4
2.005660590551458,5
2.132370283390825,0
2.3431497912410686,4
1.7177877346272263,4
1.6594663627521755,4
2.519369533385812,2
1.7424350713436103,4
2.4076057570151717,2
2.003066974161107,2
2.2618349842593553,4
1.6517117532058916,3
2.3002362014549473,0
2.06852162040872,4
2.164629313398793,4
1.9814532820735025,4
1.8142354553393125,0
2.5963564393702283,4
1.5104447870172413,4
1.7014979260643837,4
2.0267610081702445,2
1.72086833907674,4
1.9602812855599114,4
2.4369417767552695,5
1.9393082778484567,2
1.640860836495723,4
1.9544139001861098,2
1.8212223494431932,0
2.156090833860136,4
2.0018057039057386,0
2.541431382726402,4
2.0275817034456183,0
1.6277602739642556,4
2.0521694324486672,5
0.4828286203701957,4
1.9648630952600334,5
2.2738552100472145,5
1.9985621925778154,4
1.6517117532058916,2
2.069732584293578,5
2.0353069896231863,2
2.171693102475501,0
1.9116055042073103,0
2.100242931956737,0
1.8527180186101282,4
1.993092601402878,4
1.8214906678383147,4
2.4835381272875297,4
1.644915536723254,4
2.3391725495558986,2
2.0033039897160263,4
2.384912704046802,4
2.1298404487112883,4
1.6851962051546532,0
1.544637816739347,2
2.004509619099208,2
1.5968869325853978,0
1.8291376035499392,4
1.6663032430226838,0
1.7996061454253183,5
1.8343692647357561,4
1.5973913572937852,0
1.612921199180041,4
2.0273372470923303,4
2.2943167818037726,5
2.1054919857952634,4
0.8160959714160909,4
1.7973665706874697,0
2.0273372470923303,4
1.7135711250474026,0
2.2059311217028976,4
2.176191570173867,4
1.949937687931373,4
2.1176958232478396,1
2.65628763455431,4
1.20564665145299,2
1.7072131772190227,1
1.936342951444993,2
2.2757466203978622,2
2.005258735479777,4
2.335452633302525,4
1.908510703165208,4
1.820004589298653,5
2.5139655726803016,0
2.2123537015896426,4
2.012455268448436,5
1.571474748995707,0
2.1978037201171787,1
1.8607410519390908,4
2.4404668148612716,0
1.5159361939645866,0
2.3657350028584854,5
2.4165921563099952,0
1.7392471315547682,0
1.8646767128570032,0
1.3542394709098433,4
1.537634559455694,2
1.8905134651878222,4
2.5286082596749573,4
1.8786989232915516,0
1.9655312810387873,2
1.9923592323430137,4
1.880996978322882,4
1.8976539612855883,1
1.8083759675870683,2
1.6455778962326337,4
2.3328047687456737,2
1.4361519021442133,2
1.6287874671322113,2
1.9802548249080754,4
2.176164471963064,4
2.133866513813872,0
1.6623647212458272,2
1.6517117532058916,4
1.6907769471461134,4
2.4484177147948367,4
1.5955722815489912,4
1.6614488382593064,2
1.8364797126580572,4
1.8927608178881639,2
2.0674079643350267,5
2.005014279126489,4
2.3628603566496738,0
0.8703338130958784,5
1.7215292766618364,4
2.3212886468236347,0
1.928309099178307,0
1.773647324838052,2
1.5719870991040192,4
1.988184995517213,4
1.6480278822765282,3
1.7771590917630198,2
2.323533784227186,4
1.4762499785170484,2
2.2929281786567497,5
1.92496449403886,4
2.6268968572924303,4
1.6851962051546532,0
2.0415047441438374,4
2.441643576280616,4
1.5764986175408193,2
0.5768719898526271,4
2.343796441425848,4
0.9990434333082023,5
1.7909380602167628,5
2.145172620153445,4
1.892124248599084,4
2.6051059441875064,4
1.6597368154479808,4
1.936342951444993,5
1.6798411258926482,4
2.0151383269582803,4
2.022000961454158,4
1.9022367082971638,0
2.2474718564605447,4
1.6696992401827786,0
2.2134385389643905,5
1.8542290646128825,4
2.1615163197538587,2
2.217307708956657,4
2.1857514449447573,0
1.7460942683422633,0
1.662768237301102,4
1.644957534139671,5
1.1670154945358084,2
2.009070151401502,4
1.7641462401769819,4
2.214823428759608,0
2.2725799682628134,4
2.1573756659106893,4
1.9233981652047476,0
1.976736419912586,4
2.02672610620911,0
1.9324734039265492,4
1.8407206264804414,4
2.026824543930779,3
2.1588547134270595,4
1.5201587838614459,4
2.057125894468828,4
2.4559009406257055,4
1.7902787327170822,3
1.9101234599165553,3
1.6866244473290735,3
1.8539582164736563,4
1.6919522143329282,3
2.485783022827139,4
1.8236590715317167,3
1.557226132856624,4
2.1992571128116327,2
1.9589879058933417,3
1.7644801218869768,3
2.1991769026366774,4
2.159090006052059,4
2.005258735479777,4
1.599478324362473,2
1.6241721882961362,0
2.081325491670662,4
2.429180653531913,4
1.8180245288152774,0
1.9794865538870767,5
1.6735070403812276,2
1.8776917973111074,5
1.8536326151415445,1
1.0680059511669726,2
2.0946455342765895,2
2.0135626098393606,5
2.577164910596858,4
1.9602812855599114,4
2.3400759467648746,3
0.984560104029722,3
2.1125232615469534,5
2.0967181186604584,2
1.923087920980068,4
2.2219252599718033,0
1.7263520000572872,1
1.8696645371724143,5
2.3046629587101917,0
2.2757200620814975,0
2.5238936138725263,0
2.0275817034456183,4
2.120539212058855,4
2.3425695100960717,3
2.117506102704185,0
1.6547262885438847,2
1.7300098098336074,0
2.298217211927045,4
2.258106461555384,4
1.5960417968499436,2
1.1300006812807215,4
2.1932285520355648,4
1.889171826574625,0
2.216822723142823,3
2.343814995655096,4
1.7631202870471325,4
1.9963848832764428,4
1.3641028412391079,4
1.6841635049917847,4
1.604748407162256,5
2.1736535586607726,1
2.021480793565938,4
2.1609215783367737,4
1.683041301010642,2
2.396872210618169,0
1.7480266548698875,2
2.228254089668739,4
1.6244082335586676,4
1.6517117532058916,5
2.1705930692829525,0
2.296541221014939,4
1.6889166998156266,4
2.0273372470923303,4
2.2427431827256292,4
1.563727411032403,0
1.7905217927954038,5
2.5749405016440625,4
2.2846706642513572,4
1.9602812855599114,5
1.6650537411319961,0
2.0280706161521946,4
1.8014001005167226,4
2.0016259167821238,5
2.0086245922016324,4
1.5069475783112778,4
1.9755110340049502,4
1.8521350415033266,4
1.7331318012968702,2
1.9911734458716115,2
1.932861390149871,4
1.8942339598487956,5
2.2271608227689343,4
1.8330795737218017,4
1.6249991504076968,4
2.5909178050825874,3
2.161962668713694,2
1.9619466074410832,4
2.2725799682628134,2
1.8573793733831683,2
2.235194923811872,5
2.066207289420386,4
2.3113982487541964,4
2.0248484351696994,2
2.003066974161107,4
2.133289499442183,4
2.3535910251733427,4
2.1134550632857207,4
2.0309475601674736,3
1.9090123922335245,0
2.0570389752569587,4
1.9640858036299287,2
2.0368760763923834,4
2.206125760390503,4
2.358493646294495,4
2.163812025535906,4
2.271626236031289,2
1.7554134097741243,2
1.8773935287002022,5
1.4390313720591907,0
1.6874826115461758,5
1.906050240948296,4
1.7401072517938854,5
2.0102872260630633,4
1.574724893978781,4
2.314556933379924,2
2.4909549202401378,2
2.2196967094960525,4
2.2572698522408547,4
1.8403480507427339,5
2.408873113040314,4
1.583882919161344,2
2.1703593738143425,0
1.7081391733990172,4
1.718691623037341,3
1.8937341940747645,0
2.0273372470923303,4
1.5575334609464115,2
2.3446331451286597,2
0.8768625433116215,2
1.5803377007644612,0
2.0439914033314843,4
1.642322559058576,0
1.860752288917329,4
1.888159056782575,3
1.8686285415841994,4
2.396459692608727,2
1.5102644789781268,0
2.205828386662642,4
1.6382033150734503,3
2.0452071108871754,4
2.063326215414789,4
2.0513352064918595,3
1.5497585431082892,3
2.416467156460123,0
1.363222874206205,4
2.684849820073715,4
2.383864392225464,2
1.9607855236696579,2
1.6535069506907036,2
1.6840517570419282,0
1.79550352194244,4
1.6851962051546532,4
1.4890372259713147,0
1.6331214452935379,4
1.9830905373762033,1
1.6777961322738488,4
2.172574715390079,4
2.2099301587632283,0
1.0366477990622047,4
1.9952411431949155,2
2.0273372470923303,4
2.140734352389986,2
1.99780100626037,2
1.8905134651878222,1
1.7639841896791006,5
0.5099620876322675,4
1.5854352087829118,0
2.104515390455685,5
1.5432869909483897,4
1.958350493174681,2
2.1864782106247764,4
1.7877105447325912,4
1.6614488382593064,2
1.9009541220549773,4
1.9450257542481115,5
1.5906234366698744,0
1.976023685108252,4
2.5480243848631985,4
1.535022735306058,3
2.053682959238375,0
2.404313199940116,2
1.8331588671812225,0
1.6307665129700695,0
1.893713214895456,2
2.5914067177891633,4
2.445600398280321,3
1.6851962051546532,3
2.4651474040552666,3
1.936342951444993,4
2.1624753840177022,4
1.6882120969119696,3
1.6851962051546532,3
1.8398973898631432,3
1.9875804382264093,0
1.671687767022212,0
1.5115561304464007,3
1.9593919140566212,0
2.00964664044232,4
2.459404936576945,0
2.353063239523612,0
1.8048836035510776,2
2.1574026004276843,5
2.237003019900903,5
1.560619453529616,2
2.2271608227689343,4
2.1992571128116327,2
2.164063118277554,4
2.043328314304383,0
2.125064691036688,4
2.1366818145598923,4
1.6894515541933208,1
1.9961386225176716,4
1.544881877649214,2
2.005014279126489,4
1.8953697591752747,4
2.2001468596249483,2
2.497046565419971,4
2.648197169413307,2
2.1993609254352595,3
2.1333734551520354,3
1.5995188396236362,3
1.8081837643204666,3
2.122703100234176,2
2.519369533385812,5
1.8747191432508723,4
2.3458260220784015,0
2.727435445238218,4
1.7047649837565402,4
1.9890054222119724,0
1.8360654884814813,4
1.6854234871092602,4
2.1337117835809964,4
2.1026241240602905,3
2.057686093533713,1
2.6515032260759814,3
2.176674099635458,3
1.5646586001899507,4
2.5963564393702283,3
1.944456232100673,5
2.3486186586837174,4
2.020481597670928,3
1.4229411711985005,3
1.830435226320843,3
2.188789772156035,4
1.8554446507997666,3
1.7328076992394126,3
1.7247711594211688,2
1.9814532820735025,3
1.5916478925531985,5
2.3204399609237725,3
2.2446364359842748,3
2.4071586358942274,4
2.2023617966288023,2
2.249015846736565,4
2.3969949239410067,4
2.39589403679906,2
2.0057476481863534,3
1.6247833291793563,4
1.6897043139572008,5
1.936342951444993,3
1.9378212234841792,4
2.0731349927408766,4
1.75733601449824,4
1.6561190181225913,3
2.201301786358128,3
1.7993833432633741,3
2.5963564393702283,2
2.3721373396556453,4
2.098233968312438,0
1.5964627952989279,2
2.574784129384611,2
1.715895685016915,4
1.892107073617537,2
2.3054014542247954,4
1.922816770367394,5
2.03895297103514,2
2.6399797026941596,4
2.0374216094195767,4
1.9189836064482813,5
2.034750525077617,2
2.0388990965723313,4
1.64048506801397,3
2.5055577494250363,4
1.5686895474139737,4
2.4411558518672507,3
1.6546946191930858,3
1.5647808283665947,5
2.005014279126489,4
1.8464777928169458,3
1.5028322903666966,1
1.6915869448036962,2
2.1177103074758095,2
1.956159747046166,4
1.8613419371520417,1
2.515447411140272,4
2.392332258493129,3
1.7189329720204605,4
2.1174132947645443,5
2.179526869021127,2
1.9851183064577593,4
2.176193236711609,4
2.0273372470923303,4
1.8014612146050446,4
2.1924636198372554,4
1.6851962051546532,4
1.7630218493254632,5
1.767822774816248,4
2.565952031315442,2
1.9223059395743698,0
1.7900817962230096,2
1.5906371382275646,3
1.8773409660503821,2
1.5076347627361588,2
2.2826733429550226,2
2.0235065708455267,4
1.9128092416708076,4
1.9101222760556495,3
1.765830872775,4
2.3496546988130858,4
2.459404936576945,4
1.9053226670633634,1
1.8927164436973016,2
1.8184801130902601,3
2.4723014011207334,4
1.9668144427397598,4
1.3441322741648087,2
1.5645017141429136,4
1.022242502129664,2
2.20968007677943,2
1.8000247098553017,4
2.2120481311480327,2
1.6851962051546532,5
1.6984236486820274,5
2.2158487393519457,4
2.050331392446343,4
1.612386120564215,2
2.190380855181815,0
1.5046104543940857,0
2.0138177420707106,3
1.8097252267225665,2
1.3377180860658815,3
1.9397581561066422,2
1.8634201350891444,4
1.9073723002696923,3
2.4513482756590164,5
2.033163438849277,2
2.4121959874791497,4
2.003066974161107,0
1.8817044812084645,4
2.439105226805555,3
2.5963564393702283,0
2.066420844772145,4
2.2271608227689343,3
1.8690112092601407,4
2.1469326232058084,3
2.005014279126489,3
2.0275817034456183,4
1.9601023038804193,4
2.200885229656827,2
2.3020188691274717,4
1.5188725720455072,4
2.1992571128116327,4
1.185383994254328,2
1.9506670959850234,4
1.795170151550673,4
2.275480422619815,4
1.7441027699992273,4
2.0780830420094136,3
1.975506231686932,0
2.1397672245946247,0
1.7170715196339768,0
1.5731464266349295,1
1.9619526373144427,4
1.936342951444993,3
2.1791692329544965,4
2.122849652187604,0
2.0273372470923303,4
2.199837676549887,3
2.5963564393702283,3
1.711449833120927,4
2.194213610172568,4
1.7040843022845833,4
1.967567082051008,4
2.598759768341962,4
1.603339010879281,4
1.6851962051546532,4
1.4930351132898236,2
1.8459030520426376,3
1.567146747026851,4
1.5906371382275646,2
1.9505510407407733,4
2.210108371812664,3
2.518439089408849,4
1.5729842547682413,2
2.3838083990978816,4
1.7365066093329535,4
1.8394065711860128,2
2.0273372470923303,4
1.8609060180272263,0
1.6108997954262265,2
1.4087908527573416,0
1.760749937886058,4
1.6228097675349864,2
2.0215314087017386,2
1.6580056027715582,0
2.5475807417751657,2
2.530384364152313,3
1.6851962051546532,4
1.7987594524273458,2
2.3580241337161056,0
1.5514210768448793,4
1.7895377635321652,4
1.6889166998156266,4
2.0083935176633902,4
2.4742703704300157,2
2.392332258493129,4
2.1637020863586556,4
1.629216285307744,4
0.97223080794051,4
2.056799943399553,4
2.3031944379247093,4
1.5207687888061705,5
2.4737382781176316,4
2.078275677109209,4
2.005258735479777,4
1.587762201132478,3
1.9881736154304388,2
1.6769701787422133,0
2.6238455833771477,4
1.7347384684666047,4
2.3005996272025095,3
2.2059311217028976,4
1.7874778022489446,4
2.2203129451679775,4
1.6857304912773035,3
2.5007511215412697,4
1.8169522608822097,4
2.2196967094960525,2
1.6517117532058916,2
2.262482398097248,3
1.879650111128929,3
1.9326120481440907,4
2.585398957595348,4
1.8956039224068264,4
0.405654279010371,4
2.3146024751753163,3
1.8113602103256528,4
2.057512803071179,4
1.7514985067568496,3
1.6118300253176139,3
1.9682280284574534,4
1.6950194185330953,2
1.9484979999069805,5
2.2024318713478377,4
2.5371385832185336,2
1.7308504963425104,0
1.85813333443371,0
1.9613450587380883,4
2.106694907316114,0
1.7629018375073044,0
1.9791200019947377,4
1.8969751111614108,4
1.9981955080478833,0
1.947836620605647,3
2.4524222035847782,2
1.887479740782575,2
2.216047174247001,4
1.6779962637118127,4
2.0645408555290192,4
1.6796154631631928,4
1.918587808747541,0
2.6399185886058376,3
1.976185228197493,4
1.5985587301751178,4
2.238564309783203,4
2.081655981377829,2
1.3142317858302532,4
2.180038828662961,4
2.2725799682628134,3
1.1528628490695847,4
2.3926876493229843,4
2.151490704666794,0
1.9726276577605808,5
1.7492697831780433,0
2.005014279126489,4
1.9445069011868754,0
1.922755656279072,2
2.031342339119425,3
2.245937446287474,2
2.3167795651609655,5
2.4911547924578605,4
2.001612965101175,4
1.9104552121994005,4
1.829700353910634,0
1.8470266888270408,0
2.0245826272752647,0
1.9874931526913395,4
2.008238791797638,4
1.8016203335201477,0
1.7291375381826786,3
1.8491001445059598,4
2.5152964047301447,2
2.5356692729645185,0
2.173291232500162,4
1.5913681125631725,4
2.0119063325062427,4
1.7044112140113743,2
1.671687767022212,4
2.260279893201324,4
2.1538296775306223,3
1.6060786459012508,3
2.1024220861290552,4
1.9755110340049502,4
1.7892041988203309,1
1.3750025720119765,3
1.9140199834791518,0
2.169857067479296,0
2.4440957393939113,0
2.0874413951442397,0
1.6431573983944463,4
2.058793059296226,4
1.6176540144924472,4
2.149184472153859,2
1.6500286877697425,4
2.228254089668739,0
1.8768834455953483,4
2.025992737149246,0
1.5346982190794456,4
1.2837722021367157,2
2.017534482051392,4
1.9855275926540819,5
2.005258735479777,2
1.6194018580931855,2
2.153470335813915,4
2.167934273956694,0
1.5308538500361526,3
1.6729382868638454,4
1.143848912387874,2
1.7922973856630988,4
1.5857087087050172,4
2.492154404128358,4
2.408119735703348,4
2.4098379372437746,5
2.4910000346728696,0
2.0275817034456183,0
2.2059311217028976,4
2.13856329617601,2
1.635656297487237,3
2.0601340853557844,2
1.9735479509158536,4
2.0232480006901135,4
1.9140199834791518,4
1.7856898212209602,4
1.9886387376820402,5
1.8442340071472074,4
2.261048632341878,4
1.880417563765504,4
2.314556933379924,0
2.5174527200141426,4
2.3477628113284768,0
1.6784419860884325,5
1.7508535274550152,4
2.174047185061238,2
2.172574715390079,3
0.9877334288558006,3
1.3046676940393334,4
1.6517117532058916,4
2.4432479079392113,2
2.0275205893572963,4
1.4965085502665458,2
1.9038353556786909,2
1.8924124208939845,0
1.9652223337890296,0
1.8395921760603595,3
1.9395623913310178,5
1.9904368507351862,4
2.061303318781573,3
2.1406045824709956,4
1.926439525223567,4
2.209202752751203,4
2.0604472179369893,5
1.6244082335586676,5
2.1494923626863036,4
2.5738036439939376,4
2.1070307739264136,2
1.7156856510001484,2
1.7361377001897458,0
1.604748407162256,3
1.9498072793192769,0
1.9463522003382898,4
1.906857799324162,4
1.4714164383022776,3
1.8144551319387185,4
2.3042451394714405,0
1.818724569443548,4
2.038919302210449,2
2.005014279126489,2
1.999431647976135,4
2.314776385676017,4
2.2203129451679775,2
2.005166366209811,4
1.5852903366208801,2
2.508902246680615,5
2.172574715390079,4
2.0249829361000082,4
2.409161542102405,0
1.8132259605753613,3
1.9361463308328513,3
1.9110491181233087,4
2.41942839988378,4
2.005014279126489,4
2.0788201528092696,4
1.7443608819889704,3
2.005014279126489,5
2.477315384674626,0
2.2152978237126417,4
1.8255409766228277,0
1.7624172221193153,2
2.380323346209081,4
1.5344479488254923,3
1.8919114615965946,4
1.624757576916934,2
1.926297284337517,2
2.4242103182204415,2
2.0290122385260183,4
2.3138260090575486,2
1.9686462403788358,4
1.6786795545163185,4
1.863947619656783,2
2.6515032260759814,4
2.2371252480775468,4
1.7066701594764024,4
1.9785698425622464,2
1.8470452552100203,1
1.4388541370724433,4
-0.06957609775106244,4
1.9915058409940478,4
1.7697571374334742,4
2.0673151776180583,4
1.6507383395678237,2
2.451925609305167,0
1.8138210134803001,4
1.8494309292678546,2
2.1611536100284323,2
1.8997404538940028,0
2.6938900938313477,0
2.381990231974275,4
2.005014279126489,0
1.8169900198146212,4
1.922985204120907,4
2.0412712592297497,3
2.0868897408693994,2
1.929923028257922,4
1.7085900288406064,3
2.4392090185524773,4
1.5378929867557765,4
1.6517117532058916,2
2.478536358450563,4
2.369916052998187,2
1.988184995517213,4
1.5237416809078623,4
1.3759528759054356,3
2.017506153211731,4
2.4817691617173336,2
1.5510186774358083,3
1.6810178600782637,3
2.0194944378957893,0
1.657424979044265,4
1.918555807830027,4
2.043355218217039,4
1.5649098630206588,5
2.0025931694666976,4
2.142186718334066,2
2.0243501214912207,4
2.122388021519034,4
1.8698812505123614,2
2.238455037158867,0
1.5629159064551952,4
1.7822332493712183,4
2.015318769597935,4
1.934983757508746,4
2.035104439020595,5
2.452463139851577,4
2.3203453414131343,4
2.1672654173286974,2
2.022123189630802,4
1.5799394220398693,2
2.0322986187315117,4
2.1333734551520354,3
1.7937414607965805,4
1.6973550258682093,0
2.3546769671771663,0
1.6996636668216234,4
1.617700012022379,4
2.6384521509966095,5
1.671687767022212,4
2.005014279126489,4
2.1796417755796376,4
1.8952779809235487,0
2.2196049301663243,0
1.5861562814465828,4
1.9041409261203008,4
1.8562502787540605,2
1.8778866245114263,4
1.8672216005096565,4
2.120539212058855,4
1.5997016103174833,4
1.6517117532058916,4
2.452895173864013,2
1.829700353910634,0
2.151505756831421,0
2.008544579349466,0
2.136046531268381,2
1.5752154712382311,2
1.9915089706698772,4
1.9323123044782649,2
2.3683926819359273,4
1.691393103586209,3
2.4352217212806173,2
2.476480930855872,3
1.9075861129445537,5
2.0349720776317644,0
1.941446095333612,3
1.5562117744437616,4
1.4572050212206826,3
2.061119976516607,2
2.269725087922523,3
1.6223398380648795,3
1.7255626939705855,4
2.005197621391455,4
1.6894822411199213,2
2.003066974161107,4
1.7569398852307847,4
1.8175967301970233,3
1.5031096814178992,0
2.111206877879946,0
1.5723151751681392,0
2.3204574132847346,4
2.41252739882426,0
1.6608352099569823,4
2.3616789274858974,4
1.9323139237034166,2
1.6610623796060628,4
2.187523284869483,4
1.6851962051546532,4
2.0275817034456183,3
1.956202086236389,4
2.0275817034456183,2
2.2991889606337037,2
1.737532622715694,4
1.8392288928497411,0
1.841002029749389,2
2.0581441707111527,4
2.2518374726469434,4
1.5253063665772486,4
1.8276926805927993,4
1.875099828468913,0
2.189188895728517,3
2.4267976477063904,4
2.025992737149246,0
1.5883234429509077,2
1.82468751208067,2
1.5973207434781544,0
1.7560284244902913,5
1.691028057007162,1
2.461613504947629,4
1.6711137252158208,5
2.4306300584433336,4
2.298681920807335,0
2.1207718386676944,2
2.2196967094960525,3
2.0057476481863534,3
1.8104612843361625,2
2.376585819394938,4
1.595057822361903,0
2.005258735479777,2
2.0284591120222295,4
2.446041232243658,4
2.0086245922016324,0
2.6544291074205333,5
2.5513755936632765,4
1.6851962051546532,4
1.680265778044706,4
1.519082053508321,3
1.6851962051546532,3
2.0060116950889544,0
2.2529228895837488,2
2.2223964522814406,2
1.4734007884924636,5
2.2070431382193734,2
2.407102953138269,0
1.6065820444421295,4
2.003189202337751,5
2.023272329152407,4
2.0429146462510404,0
2.0955623787836504,2
1.936342951444993,4
2.273640971439276,2
1.394764785307167,2
1.6946646292306506,2
1.999191682112704,4
1.7387581599866564,2
1.8652354964041309,4
2.2786898530829434,4
1.9137689639306954,2
2.3707356400858512,4
2.2167707727827897,2
2.0273372470923303,3
2.574033471404387,2
2.330409360806741,1
2.519369533385812,4
2.1173831425404614,2
1.936342951444993,2
1.4708638767976057,4
2.1834046853848164,4
2.1342823401889617,3
2.1793255892490047,4
1.9213148028061537,2
1.8667736262860317,0
2.4158932555461154,0
2.1332076786152534,3
2.4909549202401378,3
1.5602513539989842,2
2.205426981248635,0
1.5296503498162688,0
1.580886385498646,0
2.6784300798508234,3
1.65227243111448,3
1.8894295744303666,2
1.3869882860356673,4
1.4791312406837778,3
2.304546586759214,2
1.5713940146167578,3
1.691711378807734,3
1.9454411620217416,3
2.0280706161521946,3
2.3633074956496336,3
1.5979293017561447,3
1.9632809706763956,3
1.6517117532058916,3
1.7908317937378317,4
2.0689590569134566,3
1.9114679698596397,4
2.283920127893145,3
2.1442917398357655,3
2.277850376046035,3
1.6772162730463864,4
2.0608846838916075,2
1.9163347027453925,0
2.03842391131532,0
2.122849652187604,3
1.8000063717128036,5
2.078133653069524,3
1.8783441339891072,4
1.87611693932286,3
2.0275817034456183,3
2.1692974776902023,4
2.256012081504922,3
1.7633745653779587,4
2.0224898741607342,0
2.008936692285258,4
1.7765733385181173,5
1.9094160976701513,0
1.9665044156146507,4
2.1741089117307797,3
2.028621255500731,0
1.6819771034838007,3
1.97943801306292,3
2.6044022909257842,2
1.6257234883768654,3
1.9849606097088706,3
1.674721491427459,4
1.7842468468777624,4
1.774266841576714,3
1.2577691689126977,5
1.963311712933479,0
2.071988982895101,2
2.0081585348653768,1
1.4670220463517534,2
2.2271608227689343,4
2.03042917716116,4
1.5181445536565932,4
2.2057276016164087,4
1.84673968476841,2
1.9653978238472627,0
1.8517275513705944,3
1.4386470230782358,3
2.128290844062898,2
1.6744709842482786,4
1.9108706273535225,3
1.6165524914344926,3
1.77733340293729,3
2.167548058052338,4
1.9691279998848237,3
2.137845214852872,3
2.1939956502112388,4
2.621972044544207,1
2.0275817034456183,4
1.5367701435425505,4
1.6099683817121608,2
1.6048876297873977,4
2.2927448363917837,4
2.007100960813549,4
2.2549855568039536,2
1.564101541563271,4
2.128721588012721,4
1.8628388564286773,4
1.8960001229427539,4
2.177975359540333,3
1.6483718196333614,4
2.1530736347221358,4
1.708722417183007,4
1.6894515541933208,3
2.4745313715741273,4
2.230899344375985,0
2.4255663243783117,0
2.0322986187315117,2
2.028009502063872,0
1.6481858490569081,4
1.9346302093336836,3
1.825601279492241,3
2.0524357358731367,5
1.9617999696073682,5
2.1739175463721776,4
2.237003019900903,2
1.36705023474447,3
1.68962020836248,4
1.7594993954579778,0
2.3758511805938807,0
2.015158700431078,2
2.0840977729842756,3
2.005014279126489,4
2.3633755309739524,2
1.6491315992048974,4
1.776856325760595,2
1.9882720531521083,4
2.7005326846450037,2
1.8454058567420257,4
1.473522949767759,2
2.249959109212245,0
1.6481673069701175,2
1.8350204384182807,0
2.023267879925856,0
2.087214911775981,4
1.9427633191247715,4
2.0280706161521946,3
2.3836065080976674,2
2.1824142327570977,4
1.8979692210671435,2
1.7416930325010798,3
2.3494031836474925,2
2.381990231974275,2
2.237003019900903,5
2.1991769026366774,4
2.1259324658300884,0
1.8861162735218504,4
2.005014279126489,4
1.9883036850514402,4
2.016041639705278,1
1.5595193999398198,3
2.219591636447718,4
2.0838020988026713,0
2.0093684392721314,4
2.259325987866744,2
1.6984831474441386,3
1.4997453910600704,4
2.6678230531636187,4
1.6343216290452673,3
1.6851962051546532,4
2.3523120785451317,5
1.8961864135532842,4
1.638378553886074,2
1.1804477232874238,4
2.2725799682628134,5
1.6276777429282032,2
1.9985621925778154,4
2.1685167296635064,2
1.6466267311962706,2
2.088538775007724,3
1.8647061355909453,0
1.7150763310319923,4
1.6851962051546532,5
1.6180697307781626,4
2.1586345648856122,4
2.5583153234305382,4
1.4830872624857685,4
2.031318879686527,3
2.280831379844213,0
1.5348890073453476,2
1.973825414868815,4
1.9625537333351213,4
1.9958970627756991,2
1.9140199834791518,4
2.514263592514955,2
2.387931974218599,4
2.024414269805394,4
2.0218669239303138,0
2.0280706161521946,3
1.9403885438300028,1
1.673092956552397,5
2.381990231974275,2
1.9783148872564376,4
2.0494117418285818,4
2.0393573625376105,4
1.9834777445261071,4
1.584240898166885,4
2.030359386366588,4
1.7963487828585398,5
1.5712185675039916,0
2.0275817034456183,4
2.225858528150327,0
2.1423191050319064,5
2.1351373850864945,4
2.0867681167277516,2
2.2208482098378064,0
1.321265042659762,4
1.8987444956244994,5
1.881823664396881,0
1.3474852518436227,4
2.4337086179659027,2
1.5038452750910394,4
1.8768457265185798,4
2.005258735479777,4
1.5638414787816615,2
2.0224898741607342,4
1.7238454940977754,1
2.519369533385812,0
0.9564527675040655,0
1.9108829566140484,0
2.573500733529849,2
2.206870614396367,4
1.5440043381065243,4
1.8925346832060204,4
1.5477550494129244,4
1.881108573303079,2
2.241705953505207,4
1.8096878073478084,0
1.8387210343581628,4
1.7654816406060305,2
1.8851573339046612,3
1.6982179364680605,2
1.6964657242802628,1
2.176674099635458,4
1.7087583860685456,3
2.133988961053034,4
1.5877195378055338,4
1.5270589580391936,4
2.2447331050421857,3
2.0747204141029894,4
1.3841075617672343,5
2.431934842367536,0
1.7895377635321652,0
1.247033768290036,0
0.8125523851683532,5
1.6944974418070868,5
2.5002134206525946,1
1.6530609082800067,1
2.2059311217028976,4
1.6517117532058916,4
2.5914067177891633,4
2.0762277769252075,4
1.6426345600577614,4
1.6691477268003219,4
1.7455600997552874,4
2.4152552352231775,4
1.5568660428964616,4
1.8837592461216015,2
2.1970706972740723,4
2.2222644516723085,4
1.5994556673766365,2
1.8464489091795988,0
1.7475325752431092,0
2.574033471404387,2
1.991654839901117,3
1.5993046714374521,2
1.9980203415817335,0
1.7922973856630988,4
1.788474821921271,4
2.546539449455128,4
1.7656602540758308,4
2.181814188212937,4
1.9022533527170649,2
1.8463311381928638,2
1.5657439131412014,4
1.7013953313336452,0
1.95270594933901,2
1.9165105802836893,4
1.9310670044179588,4
1.4386245856011792,4
1.5276942624875682,4
2.0273372470923303,0
1.7562683806806223,4
1.7243049620668283,0
2.313470406320043,4
2.3067860990768936,4
-0.09138125695539712,2
1.4381413142969992,4
1.7585509641756039,4
2.6750681492132204,4
1.8323644267146513,2
2.0040775528761,4
1.8788345943339761,4
2.005014279126489,5
1.5691143118063764,4
2.519253047841361,4
2.0086245922016324,0
2.4796000769080764,4
1.9448735857168076,0
2.3425604966311866,4
1.8129187156050706,0
2.654824071552816,4
2.1026241240602905,4
2.0280706161521946,4
1.8732246016117065,2
1.9097567753866231,0
2.1896318901645717,0
1.9396156092160917,4
2.0968894787666015,4
2.0616617515474327,4
2.2112511448796512,4
2.046837758669159,0
1.5036588986002217,2
2.105786758990005,4
1.2789200745293525,0
2.2600406891038873,0
1.7113075567463574,4
1.995431059389845,4
2.13973897142816,2
1.9045687247385552,4
2.2469058506498625,2
2.1445223774034288,5
2.005014279126489,2
1.8483371166229974,2
2.1204716951913243,0
2.058630775987036,0
2.277392918604683,4
2.516613968078958,4
1.662873237188812,1
1.8870031072142694,2
1.7857546717808983,3
2.3788238203606875,5
2.2077827743962106,2
2.0948970756142167,4
1.5978282439777787,4
1.774321281825209,4
1.7453673425270702,4
2.1028250318002355,0
1.9381536560580828,4
2.3609846060785764,2
2.223227527075895,4
1.997537845986022,3
1.961141977585125,4
2.2576979896189195,2
1.5032924273091473,4
2.171768414030083,4
1.913234037476039,4
1.8719902085692564,2
2.0815405770242563,2
2.397778125823007,4
1.8812459408777649,4
1.891215636294291,3
1.6532609466991226,4
2.0935223357939723,2
2.0565543631743983,2
2.2514857417794367,0
1.7554134097741243,2
2.3350744572433175,4
2.0271135885605047,1
2.2271608227689343,4
2.486531235460055,4
2.279209102978956,4
1.1071845800521896,0
2.1445223774034288,4
2.3915770984904094,4
1.9229069466518909,3
2.219733576823268,4
2.150022496205236,4
2.18760214579063,0
2.459404936576945,4
2.0290122385260183,2
2.427409377468154,2
2.1362077638988963,4
2.3316047297959153,4
1.380597464323209,4
2.2143696508530555,4
2.005014279126489,4
1.6111864388085677,3
1.9326224567840193,0
1.722684326419657,4
2.6515032260759814,4
2.1576343197302372,4
2.4260988768193132,4
2.2638397862473028,4
1.6551456044845236,0
2.0273372470923303,0
2.3729895804543,3
1.6088542082816013,1
1.9568848989950336,0
1.913366331710316,3
2.445537059578723,0
1.9486590399108634,0
2.4266397354536173,4
2.0273372470923303,4
1.4768453786409186,4
2.0356082789643573,4
2.271860262802762,0
2.3727003731924623,4
1.9378096895647214,0
1.538573006711283,0
2.262531492283847,2
2.2045063575776958,4
2.3690495187493035,4
2.1997671394860814,4
1.5366033856977999,4
2.169491942466262,4
1.99915145827118,4
1.936342951444993,5
2.230185459108442,4
2.3928211711997047,0
1.9749700894903586,4
2.2664512721817665,4
2.1539744407796584,4
2.33018652476261,4
1.8811896714594156,0
1.9140199834791518,2
1.9602812855599114,2
1.4005339038462024,4
1.6237414457646226,3
2.0851406768193126,3
0.8286999848026126,3
2.3140599076237343,3
1.8519077405591342,3
1.562295944425982,3
2.0215572952732686,3
1.7751014613054283,4
2.004927221491594,3
2.1248804929082508,3
1.7105353464093724,3
1.9849378153892845,3
2.5067713870362063,4
1.9290261942441145,4
2.1588551493359436,4
2.0266802402657227,3
2.0731349927408766,0
2.2024840248054462,4
1.5582140457920124,2
2.4041561479448914,4
1.5303667959493126,0
1.4808539129592,4
2.640428799727956,4
2.31972607373151,2
1.817057202354646,4
0.3119377744974252,5
1.6851962051546532,4
1.890137862087698,4
1.7546447699987957,0
1.5298179530153202,0
1.982154678511277,4
2.1896381696389797,5
2.005014279126489,4
1.822694704394003,2
1.516340728499138,2
1.9176297194615952,4
2.361727574775613,1
1.6253333559742544,4
1.936342951444993,5
1.9332077422171061,4
1.937716544817571,4
2.1456478616152372,0
1.9639172397081803,4
1.5269367298625496,4
2.381990231974275,0
1.737532622715694,0
2.2059311217028976,4
1.6982179364680605,4
2.573644479372577,0
0.9282594033278944,4
2.089458628431627,4
2.237003019900903,4
2.5909178050825874,4
2.429269624798641,0
1.404324026852045,4
2.1518559188548965,4
1.8648673652074648,4
2.0273372470923303,4
2.003066974161107,4
2.20998614363602,4
1.9887177251369605,5
1.497955909706384,4
1.7083162747190443,4
2.321230003100198,4
1.936342951444993,0
2.2783402186071173,2
2.0057476481863534,4
2.15593993063772,0
1.760697854888432,4
1.5593628823556802,3
1.5391595475269528,0
2.4691610692605925,0
2.0068745264569756,4
1.7330403717694876,4
2.22982320810397,5
2.3516975214775777,4
1.7819484112191568,0
2.3037409990171773,4
1.8593037585568855,3
2.073319721683538,4
2.013929471294834,0
1.5135375123400365,4
2.108600363759048,2
1.8713064342518435,2
1.6649335479559912,4
1.6256630317399496,5
2.231861458830623,4
2.1110727277867234,4
1.5303877352077964,2
2.035903303696141,2
1.9295887323787724,4
2.3328308614394206,4
1.9088872157113164,4
1.9734715224017143,4
2.18232583989797,4
2.054566611229283,2
1.6651275787861146,5
1.818180783593589,2
1.9566833228639298,4
2.0650089940403538,0
2.590775697378768,0
1.7158417032255229,2
2.1616732748532153,4
1.9829476627414233,2
1.7122330077040164,3
1.1245960226583427,4
2.181393383468587,4
2.2537452458752836,4
1.6851962051546532,4
2.1340854829267184,0
1.6851962051546532,4
1.5934532334297073,4
2.4977091393063584,4
2.0275817034456183,3
1.9848268415252561,0
2.466292069624177,0
1.9972185005020973,0
2.1672654173286974,0
1.5593628823556802,4
2.278367642092792,0
1.9283178104774843,4
2.003066974161107,3
1.9746990630072818,3
2.129229705487642,3
2.243903048743315,3
1.6889166998156266,3
1.9466878090921231,3
2.462272197290917,3
1.5315291474883366,3
1.9259486517712385,3
2.036385315537014,3
2.20485049576645,3
2.5203758214306755,4
2.513959487719018,4
1.621490633136637,3
2.2076426197004104,4
2.084391942397226,3
2.0273372470923303,3
2.0512428903468707,3
2.1897825360751595,3
1.8814850101484102,3
1.9592330402833076,3
1.7297907958662542,3
2.13741775444979,4
1.9403391854462197,4
2.2426359131338187,2
2.4176645860773323,4
1.4875546381898874,4
1.8910663633126072,3
2.3425757953941404,3
1.0704188943933075,0
1.9009982521657447,3
2.4742864190590645,4
2.1714292206850168,2
2.1580650312055356,4
2.0892212911435353,2
2.012455268448436,4
2.2715311490109142,3
1.8480334427590006,5
1.9307622094535328,4
1.6591890132663583,4
2.41252739882426,2
2.3525191270563,4
1.8073281670839583,4
2.0915588121267885,0
1.7729449564087942,0
1.7822332493712183,4
2.1347295757770497,0
2.146954790068508,0
1.6889166998156266,4
1.8440100629429481,4
1.6452904955924312,2
2.4977091393063584,2
1.9855144544509482,0
1.4488482736924044,0
2.5854249831345415,4
1.8625994992963995,4
1.5968869325853978,4
1.8714309319232239,4
2.0816906013285723,4
2.0529970213966484,4
1.8252948807123217,1
1.8020141853132023,0
2.005197621391455,0
2.278927657929646,4
1.9982600600602685,2
2.5131273653357122,4
2.0495912686050795,3
1.436190112697246,4
1.7319415881634426,5
2.1464931904943807,5
1.7640334467892451,4
1.7316502550926098,4
2.446700451870117,4
2.423755310202088,5
1.5724279870284041,4
2.177975359540333,4
2.2059311217028976,0
2.038566925197923,0
2.155191184682995,4
1.6164113677994325,0
1.945282431356964,0
2.41252739882426,0
1.9850543284858508,4
2.2675951231611577,0
2.032734364197987,0
2.127902379605692,0
2.3825325961750763,4
1.6050405347380858,4
2.1888930063720617,0
1.7379039590251146,4
1.7565849927406287,0
1.936342951444993,5
2.1472264491897453,4
2.252279999573262,0
1.860752288917329,0
2.026064350190089,4
2.1799037949279003,4
2.0273372470923303,5
2.6077822592336117,3
2.0796260806911984,4
1.8679547389743645,2
2.2523168501376913,4
1.9238419262803301,0
1.82468751208067,5
2.1900747134329377,4
2.0601340853557844,2
1.5889983705218853,2
2.4288977777808114,4
1.8746349291674966,4
2.222673347677279,0
2.159001249415544,0
2.15146933498278,0
2.0000454876308247,4
1.7453673425270702,4
1.549879113050856,2
1.5425494387838774,4
1.936342951444993,0
2.097622847826466,0
2.2617736511085154,0
2.336982254427539,5
1.7934566653098272,0
2.095620194497812,0
2.1586345648856122,4
2.4259001532271816,4
2.382967253268851,2
2.5963564393702283,4
2.1546989653474675,0
2.597315413931299,0
1.9290790658742027,4
2.087538825122054,0
1.4893238522342553,4
1.87526160489218,2
2.1572626518541016,2
1.6523924346778482,4
1.4958076601700563,4
1.436449680054776,4
1.5923824162772922,0
1.93554715125367,3
1.8733313824717353,0
2.408319389403191,5
2.1630933808964388,4
2.330159372337554,0
2.003066974161107,5
1.7637626831119968,3
2.462272197290917,3
2.06685811722646,3
2.074324697850231,3
1.8079452861062892,3
1.825118165238444,3
1.5345759909028014,3
1.505791255303132,3
2.0444431482003447,3
2.548152807227476,4
1.6851962051546532,4
1.5767521578459285,5
1.6152479837628289,4
1.5703744810289026,0
2.0976701282259147,0
1.6347347381274844,4
2.2357938172228558,2
2.2781983616318504,2
1.6226948821715672,4
2.2023617966288023,5
2.1152936803531643,4
1.9816977384267906,2
1.814507131816848,4
1.472205868188916,4
2.0637931943231793,2
1.8285349681457586,0
2.0117277520556045,2
1.9251869703812943,2
2.003066974161107,0
2.1640986947336667,4
1.5593628823556802,0
2.0309475601674736,2
1.9125890026287444,4
2.5270331165965145,2
1.9449596765903678,3
1.143805141347063,0
1.6713581815691088,2
2.5707226647514556,0
2.296489772046829,4
1.7984934489580922,4
2.0128126778075774,4
2.000230838724396,0
2.417845289306663,4
1.5303667959493126,4
1.5771287000951233,2
1.9750842562532611,4
2.194091381995924,0
1.8115976931151825,4
1.72394873903795,2
2.091081470219546,4
1.5257539214397982,4
1.594384024168066,4
2.1963515052832197,0
2.48590665553354,2
2.4835520979811188,2
1.5955722815489912,0
2.1143748203690405,2
1.8778852015580156,5
1.550916574219562,0
2.005014279126489,5
2.4130572577239398,2
2.286958793864233,5
1.5198474956171957,2
2.1557439633743396,4
1.6292775842630443,1
2.209579273552102,2
1.6176540144924472,4
1.8935499381245662,0
1.1988218185711386,4
1.6024521584611287,4
2.4484128618700733,4
1.8824728045083496,2
2.0122889396109063,2
2.2714332652508604,3
1.6049484705989485,3
1.7531199707423302,5
1.6759939912799462,0
1.821348864214276,4
2.081980788226864,4
2.0290291020084377,0
2.353063239523612,2
2.0478677515419155,2
2.5649552119416725,0
1.8538448492986481,2
1.4620115693279816,2
1.4357246641197248,2
1.9140199834791518,0
1.185291965960325,0
2.607544538089272,4
1.9716466806404374,4
2.427409377468154,4
1.9347909405722759,4
2.1157280465988917,4
2.0031496012951844,0
2.4053900536249953,4
2.005258735479777,2
2.2203129451679775,2
2.2416381631077003,0
2.0552964738574024,4
1.7686166118087678,4
2.0601340853557844,4
2.0273372470923303,4
1.6041455763600059,3
2.441139069832814,4
1.5542268115175268,0
2.438427145058228,2
1.9199799599186473,4
1.9772445706598742,4
1.7129270514674428,4
2.5250454876541206,0
1.9916280691706918,2
1.342795317298039,0
1.741047997653785,4
1.9631521116053914,4
2.174185147618287,4
2.005014279126489,4
1.6714791380685663,4
2.0517124851710853,4
1.936342951444993,5
1.7531199707423302,4
-0.5567304895410232,4
2.050830783708192,3
2.228254089668739,4
1.7256256815549378,0
2.277397475704456,4
2.1586017975541947,5
2.2109272332326735,4
2.231861458830623,4
2.0273372470923303,3
2.3515153330789977,4
2.1567482785309933,4
1.5135375123400365,4
2.3960064270820975,4
1.9643391209848526,4
1.7185312201364908,4
2.652231495914835,5
1.0299669431898293,0
1.7554134097741243,5
1.9411278932451304,2
1.8981793880129358,2
1.236514877332541,0
2.2603585328601072,4
2.276687126609972,4
1.5345759909028014,4
1.6959782981612452,4
2.3694561455509704,4
1.884939370055665,4
1.6668036139479407,4
1.7735680403930374,4
2.194091381995924,0
1.6851962051546532,2
2.4057956853805496,2
2.2242208603499862,4
2.0057476481863534,4
2.267457764930538,4
2.5779505409981986,3
2.4448214296415314,4
2.0273372470923303,4
2.190380855181815,4
2.2439193089885814,4
2.388344183527932,2
1.8865320255492908,4
2.1239111168351648,3
1.4936076856280567,3
2.185709400771035,3
1.3645693751753338,3
1.7899120481871502,3
2.5707226647514556,3
2.1702569032514285,3
1.5423705270197292,3
1.9307622094535328,3
2.256012081504922,3
1.5558952697505664,3
1.4439860206431556,3
2.0470018485617567,3
2.1407532811207695,3
1.7182334969246709,2
1.6654212540002375,2
1.6997346078261988,2
2.0268808133491287,2
1.9995971013777425,4
1.7993955888215378,4
1.8421734684309794,4
1.9140199834791518,4
2.0273372470923303,4
2.0100669525941757,0
2.1259789344659907,0
2.1929345972146,0
1.752762147214034,0
2.1557890395577615,4
2.2793586264359864,4
1.691028057007162,3
1.6909247558897866,2
2.10166728411829,4
2.156141220616933,4
1.9266652432289706,4
1.6596765296979679,4
2.3303758666532106,4
1.9082655211166841,4
2.5572142266190148,0
2.14814749143519,4
2.137027022697693,2
1.4614131332848246,4
2.005258735479777,4
1.6851962051546532,5
2.5707226647514556,2
2.2132755776185222,4
2.1942213754097377,3
2.536287435208577,2
1.494056522006996,0
1.9395413235758132,4
1.7959903913935864,4
1.718690740280448,0
2.0812401577798365,4
1.77735019075716,4
1.6851962051546532,4
1.6603425852517288,4
2.608519692800755,4
1.5889237868404642,2
2.005197621391455,2
2.005258735479777,4
1.7332473743594206,5
1.9779974028616065,0
2.5951952716921096,4
2.3765781378219026,4
2.459404936576945,5
2.1703593738143425,5
2.5535466036263568,4
2.0196356740732737,4
1.7607133093216871,2
2.438102210230156,4
1.6028418238334596,4
2.1000994844083567,4
2.059417127904513,4
1.9047423859183663,4
1.689693967846464,0
2.4472245315491614,4
2.6269579713807523,2
2.3009379011640125,0
2.206753664835632,4
2.0675704787840106,4
2.385207264217663,4
2.6554627140918456,2
2.179522529339312,2
1.7398043746021636,5
2.083632561283107,4
1.6211464286670003,4
1.6944974418070868,2
2.0281666322016507,4
1.6852921937065286,4
1.622965889675705,4
1.9780617682859978,0
2.384016122621085,0
1.588959236444417,4
2.471375000709163,0
2.1794949058082853,4
1.6868962408195662,4
2.390470540540026,4
1.4148840667705587,4
1.9621301528036243,0
2.6819266619735713,5
2.346559456621305,5
1.5224390998083317,4
1.5993464255716174,4
2.1714492311782703,0
2.301094037042875,4
2.003906760810023,4
1.5610129627403746,4
1.899006350124497,4
2.1630933808964388,4
1.9175101861957076,4
2.5254022010593404,2
1.9140199834791518,2
1.823432013325138,4
1.435807729022224,4
1.8603947240809426,0
1.646782853336989,4
1.6264899417882281,4
2.314055608088995,4
1.988184995517213,0
2.559179848570031,5
1.4887527081065355,4
1.2302840588632524,2
2.3449658080338676,4
1.9773550255224759,4
1.5952783435290403,4
2.043884321454545,5
2.291357157858472,4
1.8833399227240153,4
2.2901083114562435,4
2.456283536208378,4
1.7055884333431837,4
1.4943819804837768,4
1.6889166998156266,4
1.8677375027453238,2
1.4734007884924636,4
1.679061823734843,5
2.086425758735394,2
2.2017764616776194,5
2.237245698020742,0
2.200478425347381,4
2.0513352064918595,4
2.3330103538273215,4
1.8880001599439855,4
2.2653459107793847,4
1.8609832836791032,4
1.936342951444993,2
1.4887395963229804,4
1.6851962051546532,2
1.7434833047416085,2
2.005014279126489,4
2.0865082645006643,0
2.4796011275867516,2
1.9632809706763956,5
2.47626939072797,4
2.005258735479777,5
1.4667349036388124,4
1.682162480749406,4
1.918555807830027,0
2.2204291093252237,4
2.392332258493129,4
2.3148625038215345,4
2.41252739882426,5
1.6166038754153271,4
2.1447282767443676,4
2.1628777647010398,5
2.3654626744235436,4
2.3302869889769227,4
1.9174538876189091,4
2.5141269544579905,4
2.005014279126489,4
2.005014279126489,4
1.2187440105325704,2
2.1362077638988963,4
2.41252739882426,4
2.1552309552699835,4
2.011623403349378,4
2.3059964605986796,0
2.005014279126489,0
1.9432889362625987,4
2.0256946314343054,2
1.9471150328614106,0
2.4095491546220345,4
1.9140199834791518,4
1.8268846753470034,4
1.8987587992542383,0
1.5720389270441972,2
1.765434743507545,2
2.3910082141949722,0
1.7859479067854642,4
1.9140199834791518,5
2.228254089668739,2
2.5040890833800473,4
2.290624444287067,0
1.9684134057230587,2
2.2271608227689343,0
2.3192963306132324,2
1.8880001599439855,4
1.8575030460103938,0
2.328739484559006,5
2.1166118414451307,4
1.8415266281384273,4
1.8647142960183312,4
2.0890225579434856,5
2.003066974161107,4
2.010517278574669,2
1.4820789890341899,4
2.2219252599718033,4
2.2059311217028976,0
2.6435909745290527,4
1.5303667959493126,5
1.94491307778623,2
1.671687767022212,0
2.590775697378768,4
1.347524331706838,4
1.7919770124053325,0
1.9302677569478595,0
1.4725421383043704,4
1.535402610366885,2
1.8028976796489407,4
1.8407206264804414,2
1.6101188905202832,4
1.5916671027666691,5
1.4082026096239775,5
1.6023466701819444,0
2.459404936576945,4
2.1672654173286974,4
1.6727747542107103,4
2.0176676890859557,0
2.061119976516607,4
1.9511479776346061,4
2.0689590569134566,2
2.5323989044536637,5
1.8189231267691053,5
1.678988581607725,5
2.1958484155076317,4
1.9548634030690888,5
2.379156082300893,4
1.9814532820735025,4
2.0275205893572963,5
2.1800846800321336,2
2.5174861810833287,2
1.7063278633978034,2
1.7177974239671714,0
1.6649335479559912,4
1.968044566495195,0
1.8317998143579965,4
1.500789984844093,2
1.9640260858165732,2
1.9177288269927326,4
2.238292183696868,2
2.26442970306263,4
1.790725648249173,4
0.22675850843398204,2
1.926268417452309,4
2.5229545083676874,5
2.488797281874365,4
2.4181626509413316,4
2.010444418659239,4
1.6517117532058916,4
1.7921100713544176,4
2.6405936609568657,2
1.8458741761154431,4
1.655922879098637,0
1.9102394936141334,2
2.4491912022541333,0
2.2686856115406058,4
1.5727722961040613,0
1.7725418302045648,2
1.8812459408777649,0
1.8642530192114901,4
0.8834700448002271,4
2.125064691036688,5
1.524293857159897,0
1.918555807830027,2
2.5707226647514556,4
2.375691949691638,4
1.7662550345018415,4
2.0275817034456183,2
2.48590665553354,4
2.0661566465062178,4
1.8833137350973472,2
2.0273372470923303,0
2.024651261432013,2
2.0290122385260183,4
1.9162024214514164,2
2.2271608227689343,2
1.8293616275306666,2
2.2538674740519276,2
1.51725800700101,0
1.88739870014592,4
1.6649335479559912,4
2.0086245922016324,2
2.3232971291442253,5
1.6382033150734503,2
1.7641830170035815,4
1.9602812855599114,4
2.22159634102274,2
2.005014279126489,2
1.4765576918325192,0
1.5592660825848959,0
2.364977267340222,0
2.574033471404387,4
2.1266444936047715,0
2.205176977688177,0
1.9307790219995464,2
1.594101112928445,0
2.0927431365217988,0
2.1770255148905457,2
1.9460475352506663,2
1.178333812325107,2
2.150400617505553,5
1.662873237188812,0
1.6851962051546532,0
1.7641267288594986,0
1.8795177142515787,0
1.9055465501517073,2
1.5640396178623734,5
2.3305709294362758,4
1.6810067427973179,0
1.9140199834791518,4
2.1076461251862386,2
2.272155861575022,4
2.3362249055532684,2
2.0006066000406344,0
2.1521052952875013,0
2.161962668713694,4
2.4227343486732327,0
2.049341371295203,0
1.5243796087672365,2
1.70625432600098,4
1.6475856108244205,5
2.5430009596187357,0
1.636427747729742,0
2.5287901869392235,2
1.9445109356996344,4
2.2049566920768315,2
1.9140199834791518,4
2.724069588516363,2
2.1491256781563717,4
1.0282990399964071,2
2.1996263171863184,2
2.073003521565887,0
2.3285058050553387,4
1.4502627161910822,4
2.381990231974275,4
1.9779974028616065,4
1.8727194132502059,0
1.8070498167665956,2
2.4352217212806173,2
1.6537948876830175,4
1.6517117532058916,0
2.556272387398825,2
2.0376105616139615,0
2.020809151148034,2
1.1404207538072033,0
2.0168674451896624,0
1.936342951444993,0
1.968602177714055,4
2.0731349927408766,0
1.9214625999896082,5
1.6442392654200484,5
1.5045689735366916,2
2.343796441425848,2
0.9359955181218991,4
2.2773623931939655,0
1.8891843195070377,4
2.6186143823199477,4
1.7456578525492628,5
1.9847516219278272,5
0.33255754603872845,0
2.289791342746764,0
1.8493867878883012,2
2.005014279126489,0
2.070970901204128,2
1.6889166998156266,4
1.4512788347214793,4
1.9160014372128513,2
1.8882669121900584,2
2.3362479343180778,5
1.9981950567074207,2
1.978066813837393,0
2.025942110453226,2
1.553194941299301,5
2.1059849602483274,4
2.1039479143244666,4
2.230899344375985,0
1.9318742978207186,2
1.9191944327050179,0
2.611612420339702,5
2.3705522978208853,0
1.988184995517213,0
1.4276598290744944,4
1.511687159333562,2
2.232985958353206,4
1.8209580050547343,2
2.0748520555820167,2
2.0780742242340304,0
2.1405529004107904,0
2.1268297172908976,5
1.7818456839379275,4
1.686283289492225,4
1.8846159042438757,0
1.677755215832706,4
0.8824324834797257,5
1.9257013114937303,4
2.0086245922016324,0
1.4965957006182096,0
1.4922775688025067,4
2.299325262438443,4
1.590739838070734,0
1.6489485150383287,4
2.369780708028478,2
1.7897041019556927,0
2.340861568911425,4
1.9976807453469458,0
2.09756638330148,5
2.127563316137428,2
1.0897703621652997,0
1.93554715125367,0
2.0934150527335307,2
1.5371406746334726,2
1.6825521445154041,4
2.3919501648576635,2
1.8862234021560957,5
1.8400655443012472,4
2.32795647944451,4
1.833510211965681,0
1.8022843141524447,0
1.5366033856977999,4
2.1493648319272225,0
1.496078071300476,4
1.7898297637005502,0
1.9239636503318418,0
1.9520771692429812,4
1.6679672723612384,4
1.988184995517213,4
1.936342951444993,0
1.6176540144924472,0
2.17545653130906,0
1.9797441415800638,0
2.274988218375559,4
1.8377643793432885,0
1.4678077371043614,2
1.6493647990563707,4
1.9916280691706918,4
1.791499618208556,0
2.586520258955714,0
2.125611258420999,4
1.7442703231631254,4
2.3963294991113333,2
1.6934501263793753,2
2.4142230749653946,4
1.6535069506907036,4
1.9015201190555842,4
2.462637347122857,4
2.005014279126489,2
2.5614251101031797,0
1.9251661579749706,4
2.013573148102887,0
2.3212316123990444,4
2.5053820281887815,4
2.259325987866744,2
1.8549479371142958,2
1.760407707301145,0
1.8213947789048703,4
2.1682580692606823,0
1.991750297347336,0
2.3812578321451032,4
1.6062857258252479,0
2.5934124053436687,5
2.320229041593653,0
2.3167795651609655,4
2.1229856936558726,0
1.4382132746056484,0
2.2329720702075218,4
1.7945494432027247,0
2.2441410910486086,4
1.739287769818652,0
2.0273372470923303,2
2.0996396127410923,2
1.5567858102115146,4
1.8625486119455221,4
1.9293367075664656,1
1.9981664015255325,0
1.5876155548396418,2
1.617378337044032,2
2.0273372470923303,4
2.078552423357873,4
2.077661432084793,4
2.0420307209833615,2
2.4338170727717467,4
2.0555021299543177,0
2.002417335709939,5
2.1074087790987184,2
1.9704675424466476,0
2.1789972258785366,4
2.3754706222279998,5
1.5906371382275646,2
1.7465807632918744,2
1.3915080394624801,4
1.7884558090199427,4
0.11520947703448536,0
2.0275817034456183,2
2.1149584700673945,2
1.755136510770778,0
1.995431059389845,2
2.71067385930968,4
2.0844992730397705,5
2.3780685117172045,4
2.201423828480769,0
2.5486156250241523,0
1.5447354073969735,2
1.534087290610286,5
1.9033847171104212,4
1.808530674727087,2
1.484221897485565,4
2.442575652967669,0
1.903895306303355,0
2.4569938088042416,2
1.534087290610286,2
2.0123470211448913,2
2.2520789187302617,4
2.4061960874554256,4
1.8219073467062656,4
1.7443030959885428,4
2.072860166772503,3
2.4918735900563402,0
1.6737824866572812,2
2.105859553675601,4
2.522283006831521,0
1.736323681237142,5
1.8542407421961613,4
1.6832340701011579,4
2.0901152128449363,0
1.9863089375991343,4
1.6847094983356192,2
1.635111610105777,0
1.5570010116931212,2
1.5471960795585886,2
2.5700585305396797,4
2.005014279126489,2
1.8826620638616922,5
2.034758314501953,0
1.72806459080527,2
1.9195254728157936,0
2.1615206726291802,0
1.9651247431314032,0
1.8942676721911722,1
1.4563245368528344,2
